02/02/2016;784.500000;789.869995;764.650024;764.650024;764.650024;6348100
03/02/2016;770.219971;774.500000;720.500000;726.950012;726.950012;6171000
04/02/2016;722.809998;727.000000;701.859985;708.010010;708.010010;5168700
05/02/2016;703.869995;703.989990;680.150024;683.570007;683.570007;5105700
08/02/2016;667.849976;684.030029;663.059998;682.739990;682.739990;4247400
09/02/2016;672.320007;699.900024;668.770020;678.109985;678.109985;3608900
10/02/2016;686.859985;701.309998;682.130005;684.119995;684.119995;2638000
11/02/2016;675.000000;689.349976;668.867981;683.109985;683.109985;3024000
12/02/2016;690.260010;693.750000;678.599976;682.400024;682.400024;2141400
16/02/2016;692.979980;698.000000;685.049988;691.000000;691.000000;2520000
17/02/2016;698.090027;709.750000;691.380005;708.400024;708.400024;2492600
18/02/2016;710.000000;712.349976;696.030029;697.349976;697.349976;1883200
19/02/2016;695.030029;703.080994;694.049988;700.909973;700.909973;1589300
22/02/2016;707.450012;713.239990;702.510010;706.460022;706.460022;1949800
23/02/2016;701.450012;708.400024;693.580017;695.849976;695.849976;2009300
24/02/2016;688.919983;700.000000;680.780029;699.559998;699.559998;1963600
25/02/2016;700.010010;705.979980;690.585022;705.750000;705.750000;1642200
26/02/2016;708.580017;713.429993;700.859985;705.070007;705.070007;2243500
29/02/2016;700.320007;710.890015;697.679993;697.770020;697.770020;2481100
01/03/2016;703.619995;718.809998;699.770020;718.809998;718.809998;2151400
02/03/2016;719.000000;720.000000;712.000000;718.849976;718.849976;1629000
03/03/2016;718.679993;719.450012;706.020020;712.419983;712.419983;1958000
04/03/2016;714.989990;716.489990;706.020020;710.890015;710.890015;1972100
07/03/2016;706.900024;708.091003;686.900024;695.159973;695.159973;2985100
08/03/2016;688.590027;703.789978;685.340027;693.969971;693.969971;2076300
09/03/2016;698.469971;705.679993;694.000000;705.239990;705.239990;1421500
10/03/2016;708.119995;716.440002;703.359985;712.820007;712.820007;2833500
11/03/2016;720.000000;726.919983;717.125000;726.820007;726.820007;1970800
14/03/2016;726.809998;735.500000;725.150024;730.489990;730.489990;1718300
15/03/2016;726.919983;732.289978;724.770020;728.330017;728.330017;1721000
16/03/2016;726.369995;737.469971;724.510010;736.090027;736.090027;1624400
17/03/2016;736.450012;743.070007;736.000000;737.780029;737.780029;1860800
18/03/2016;741.859985;742.000000;731.830017;737.599976;737.599976;2980700
21/03/2016;736.500000;742.500000;733.515991;742.090027;742.090027;1836500
22/03/2016;737.460022;745.000000;737.460022;740.750000;740.750000;1269700
23/03/2016;742.359985;745.719971;736.150024;738.059998;738.059998;1432100
24/03/2016;732.010010;737.747009;731.000000;735.299988;735.299988;1594900
28/03/2016;736.789978;738.989990;732.500000;733.530029;733.530029;1301300
29/03/2016;734.590027;747.250000;728.760010;744.770020;744.770020;1903800
30/03/2016;750.099976;757.880005;748.739990;750.530029;750.530029;1782400
31/03/2016;749.250000;750.849976;740.940002;744.950012;744.950012;1718800
01/04/2016;738.599976;750.340027;737.000000;749.909973;749.909973;1576700
04/04/2016;750.059998;752.799988;742.429993;745.289978;745.289978;1134200
05/04/2016;738.000000;742.799988;735.369995;737.799988;737.799988;1132300
06/04/2016;735.770020;746.239990;735.559998;745.690002;745.690002;1053700
07/04/2016;745.369995;747.000000;736.280029;740.280029;740.280029;1453200
08/04/2016;743.969971;745.450012;735.549988;739.150024;739.150024;1290800
11/04/2016;743.020020;745.000000;736.049988;736.099976;736.099976;1220100
12/04/2016;738.000000;743.830017;731.010010;743.090027;743.090027;1353000
13/04/2016;749.159973;754.380005;744.260986;751.719971;751.719971;1707100
14/04/2016;754.010010;757.309998;752.705017;753.200012;753.200012;1135300
15/04/2016;753.979980;761.000000;752.693970;759.000000;759.000000;1809300
18/04/2016;760.460022;768.049988;757.299988;766.609985;766.609985;1558800
19/04/2016;769.510010;769.900024;749.330017;753.929993;753.929993;2030500
20/04/2016;758.000000;758.132019;750.010010;752.669983;752.669983;1529200
21/04/2016;755.380005;760.450012;749.549988;759.140015;759.140015;3060500
22/04/2016;726.299988;736.119995;713.609985;718.770020;718.770020;5951900
25/04/2016;716.099976;723.929993;715.590027;723.150024;723.150024;1959200
26/04/2016;725.419983;725.765991;703.026001;708.140015;708.140015;2744600
27/04/2016;707.289978;708.979980;692.364990;705.840027;705.840027;3098600
28/04/2016;708.260010;714.169983;689.549988;691.020020;691.020020;2867300
29/04/2016;690.700012;697.619995;689.000000;693.010010;693.010010;2487700
02/05/2016;697.630005;700.640015;691.000000;698.210022;698.210022;1645300
03/05/2016;696.869995;697.840027;692.000000;692.359985;692.359985;1543800
04/05/2016;690.489990;699.750000;689.010010;695.700012;695.700012;1693500
05/05/2016;697.700012;702.320007;695.719971;701.429993;701.429993;1683500
06/05/2016;698.380005;711.859985;698.106995;711.119995;711.119995;1829300
09/05/2016;712.000000;718.710022;710.000000;712.900024;712.900024;1510300
10/05/2016;716.750000;723.500000;715.719971;723.179993;723.179993;1569600
11/05/2016;723.409973;724.479980;712.799988;715.289978;715.289978;1692100
12/05/2016;717.059998;719.250000;709.000000;713.309998;713.309998;1360700
13/05/2016;711.929993;716.661987;709.260010;710.830017;710.830017;1314500
16/05/2016;709.130005;718.479980;705.650024;716.489990;716.489990;1317100
17/05/2016;715.989990;721.520020;704.109985;706.229980;706.229980;2001200
18/05/2016;703.669983;711.599976;700.630005;706.630005;706.630005;1766800
19/05/2016;702.359985;706.000000;696.799988;700.320007;700.320007;1670200
20/05/2016;701.619995;714.580017;700.520020;709.739990;709.739990;1828400
23/05/2016;706.530029;711.478027;704.179993;704.239990;704.239990;1330700
24/05/2016;706.859985;720.969971;706.859985;720.090027;720.090027;1929500
25/05/2016;720.760010;727.510010;719.705017;725.270020;725.270020;1629200
26/05/2016;722.869995;728.330017;720.280029;724.119995;724.119995;1576300
27/05/2016;724.010010;733.935974;724.000000;732.659973;732.659973;1975000
31/05/2016;731.739990;739.729980;731.260010;735.719971;735.719971;2129500
01/06/2016;734.530029;737.210022;730.659973;734.150024;734.150024;1253600
02/06/2016;732.500000;733.020020;724.169983;730.400024;730.400024;1341800
03/06/2016;729.270020;729.489990;720.559998;722.340027;722.340027;1226300
06/06/2016;724.909973;724.909973;714.609985;716.549988;716.549988;1565300
07/06/2016;719.840027;721.979980;716.549988;716.650024;716.650024;1336200
08/06/2016;723.960022;728.570007;720.580017;728.280029;728.280029;1583700
09/06/2016;722.869995;729.539978;722.335999;728.580017;728.580017;988900
10/06/2016;719.469971;725.890015;716.429993;719.409973;719.409973;1216400
13/06/2016;716.510010;725.440002;716.510010;718.359985;718.359985;1258900
14/06/2016;716.479980;722.469971;713.119995;718.270020;718.270020;1306100
15/06/2016;719.000000;722.979980;717.309998;718.919983;718.919983;1214500
16/06/2016;714.909973;716.650024;703.260010;710.359985;710.359985;1982500
17/06/2016;708.650024;708.820007;688.452026;691.719971;691.719971;3402400
20/06/2016;698.770020;702.479980;693.409973;693.710022;693.710022;2082500
21/06/2016;698.400024;702.770020;692.010010;695.940002;695.940002;1465600
22/06/2016;699.059998;700.859985;693.081970;697.460022;697.460022;1184300
23/06/2016;697.450012;701.950012;687.000000;701.869995;701.869995;2171400
24/06/2016;675.169983;689.400024;673.450012;675.219971;675.219971;4449000
27/06/2016;671.000000;672.299988;663.283997;668.260010;668.260010;2629000
28/06/2016;678.969971;680.330017;673.000000;680.039978;680.039978;2173800
29/06/2016;683.000000;687.429016;681.409973;684.109985;684.109985;1932600
30/06/2016;685.469971;692.320007;683.650024;692.099976;692.099976;1597700
01/07/2016;692.200012;700.650024;692.130005;699.210022;699.210022;1344700
05/07/2016;696.059998;696.940002;688.880005;694.950012;694.950012;1462600
06/07/2016;689.979980;701.679993;689.090027;697.770020;697.770020;1411900
07/07/2016;698.080017;698.200012;688.215027;695.359985;695.359985;1304200
08/07/2016;699.500000;705.710022;696.434998;705.630005;705.630005;1575200
11/07/2016;708.049988;716.510010;707.239990;715.090027;715.090027;1111800
12/07/2016;719.119995;722.940002;715.909973;720.640015;720.640015;1336900
13/07/2016;723.619995;724.000000;716.849976;716.979980;716.979980;935900
14/07/2016;721.580017;722.210022;718.030029;720.950012;720.950012;950200
15/07/2016;725.729980;725.739990;719.054993;719.849976;719.849976;1279300
18/07/2016;722.710022;736.130005;721.190002;733.780029;733.780029;1295500
19/07/2016;729.890015;736.989990;729.000000;736.960022;736.960022;1227500
20/07/2016;737.330017;742.130005;737.099976;741.190002;741.190002;1289700
21/07/2016;740.359985;741.690002;735.830994;738.630005;738.630005;1026300
22/07/2016;741.859985;743.239990;736.559998;742.739990;742.739990;1259800
25/07/2016;740.669983;742.609985;737.500000;739.770020;739.770020;1032400
26/07/2016;739.039978;741.690002;734.270020;738.419983;738.419983;1186700
27/07/2016;738.280029;744.460022;737.000000;741.770020;741.770020;1512500
28/07/2016;747.039978;748.650024;739.299988;745.909973;745.909973;3530200
29/07/2016;772.710022;778.549988;766.770020;768.789978;768.789978;3841500
01/08/2016;761.090027;780.429993;761.090027;772.880005;772.880005;2700500
02/08/2016;768.690002;775.840027;767.849976;771.070007;771.070007;1784500
03/08/2016;767.179993;773.210022;766.820007;773.179993;773.179993;1287400
04/08/2016;772.219971;774.070007;768.794983;771.609985;771.609985;1140300
05/08/2016;773.780029;783.039978;772.340027;782.219971;782.219971;1801200
08/08/2016;782.000000;782.630005;778.091003;781.760010;781.760010;1107900
09/08/2016;781.099976;788.940002;780.570007;784.260010;784.260010;1318900
10/08/2016;783.750000;786.812012;782.778015;784.679993;784.679993;786400
11/08/2016;785.000000;789.750000;782.969971;784.849976;784.849976;975100
12/08/2016;781.500000;783.395020;780.400024;783.219971;783.219971;740500
15/08/2016;783.750000;787.489990;780.109985;782.440002;782.440002;938200
16/08/2016;780.299988;780.979980;773.443970;777.140015;777.140015;1028000
17/08/2016;777.320007;780.809998;773.530029;779.909973;779.909973;924200
18/08/2016;780.010010;782.859985;777.000000;777.500000;777.500000;719400
19/08/2016;775.000000;777.099976;773.130005;775.419983;775.419983;861500
22/08/2016;773.270020;774.539978;770.049988;772.150024;772.150024;951400
23/08/2016;775.479980;776.440002;771.784973;772.080017;772.080017;928200
24/08/2016;770.580017;774.500000;767.070007;769.640015;769.640015;1072000
25/08/2016;767.000000;771.890015;763.184998;769.409973;769.409973;926900
26/08/2016;769.000000;776.080017;765.849976;769.539978;769.539978;1166700
29/08/2016;768.739990;774.989990;766.614990;772.150024;772.150024;847600
30/08/2016;769.330017;774.466003;766.840027;769.090027;769.090027;1130000
31/08/2016;767.010010;769.090027;765.380005;767.049988;767.049988;1248600
01/09/2016;769.250000;771.020020;764.299988;768.780029;768.780029;925100
02/09/2016;773.010010;773.919983;768.409973;771.460022;771.460022;1072700
06/09/2016;773.450012;782.000000;771.000000;780.080017;780.080017;1442800
07/09/2016;780.000000;782.729980;776.200012;780.349976;780.349976;893700
08/09/2016;778.590027;780.349976;773.580017;775.320007;775.320007;1270300
09/09/2016;770.099976;773.244995;759.659973;759.659973;759.659973;1885500
12/09/2016;755.130005;770.289978;754.000000;769.020020;769.020020;1311000
13/09/2016;764.479980;766.219971;755.799988;759.690002;759.690002;1395000
14/09/2016;759.609985;767.679993;759.109985;762.489990;762.489990;1087400
15/09/2016;762.890015;773.799988;759.960022;771.760010;771.760010;1305100
16/09/2016;769.750000;769.750000;764.659973;768.880005;768.880005;2049300
19/09/2016;772.419983;774.000000;764.440979;765.700012;765.700012;1172800
20/09/2016;769.000000;773.330017;768.530029;771.409973;771.409973;978600
21/09/2016;772.659973;777.159973;768.301025;776.219971;776.219971;1167800
22/09/2016;780.000000;789.849976;778.440002;787.210022;787.210022;1486200
23/09/2016;786.590027;788.929993;784.150024;786.900024;786.900024;1411900
26/09/2016;782.739990;782.739990;773.070007;774.210022;774.210022;1533200
27/09/2016;775.500000;785.989990;774.307983;783.010010;783.010010;1153200
28/09/2016;777.849976;781.809998;774.969971;781.559998;781.559998;1109800
29/09/2016;781.440002;785.799988;774.231995;775.010010;775.010010;1314700
30/09/2016;776.330017;780.940002;774.090027;777.289978;777.289978;1585300
03/10/2016;774.250000;776.065002;769.500000;772.559998;772.559998;1278800
04/10/2016;776.030029;778.710022;772.890015;776.429993;776.429993;1201400
05/10/2016;779.309998;782.070007;775.650024;776.469971;776.469971;1461200
06/10/2016;779.000000;780.479980;775.539978;776.859985;776.859985;1070700
07/10/2016;779.659973;779.659973;770.750000;775.080017;775.080017;933200
10/10/2016;777.710022;789.380005;775.869995;785.940002;785.940002;1174900
11/10/2016;786.659973;792.280029;780.580017;783.070007;783.070007;1372500
12/10/2016;783.760010;788.130005;782.059998;786.140015;786.140015;937400
13/10/2016;781.219971;781.219971;773.000000;778.190002;778.190002;1365300
14/10/2016;781.650024;783.950012;776.000000;778.530029;778.530029;852500
17/10/2016;779.799988;785.849976;777.500000;779.960022;779.960022;1093000
18/10/2016;787.849976;801.609985;785.565002;795.260010;795.260010;2056900
19/10/2016;798.239990;804.599976;798.030029;801.500000;801.500000;1766800
20/10/2016;803.299988;803.969971;796.030029;796.969971;796.969971;1757500
21/10/2016;795.000000;799.500000;794.000000;799.369995;799.369995;1266200
24/10/2016;804.900024;815.179993;804.820007;813.109985;813.109985;1697500
25/10/2016;816.679993;816.679993;805.140015;807.669983;807.669983;1576400
26/10/2016;806.340027;806.979980;796.320007;799.070007;799.070007;1647700
27/10/2016;801.000000;803.489990;791.500000;795.349976;795.349976;2749200
28/10/2016;808.349976;815.489990;793.590027;795.369995;795.369995;4269900
31/10/2016;795.469971;796.859985;784.000000;784.539978;784.539978;2427300
01/11/2016;782.890015;789.489990;775.539978;783.609985;783.609985;2406400
02/11/2016;778.200012;781.650024;763.450012;768.700012;768.700012;1872400
03/11/2016;767.250000;769.950012;759.030029;762.130005;762.130005;1943200
04/11/2016;750.659973;770.359985;750.560974;762.020020;762.020020;2134800
07/11/2016;774.500000;785.190002;772.549988;782.520020;782.520020;1585100
08/11/2016;783.400024;795.632996;780.190002;790.510010;790.510010;1366900
09/11/2016;779.940002;791.226990;771.669983;785.309998;785.309998;2607100
10/11/2016;791.169983;791.169983;752.179993;762.559998;762.559998;4745200
11/11/2016;756.539978;760.780029;750.380005;754.020020;754.020020;2431800
14/11/2016;755.599976;757.849976;727.539978;736.080017;736.080017;3654400
15/11/2016;746.969971;764.416016;746.969971;758.489990;758.489990;2384000
16/11/2016;755.200012;766.359985;750.510010;764.479980;764.479980;1472600
17/11/2016;766.919983;772.700012;764.229980;771.229980;771.229980;1304000
18/11/2016;771.369995;775.000000;760.000000;760.539978;760.539978;1547100
21/11/2016;762.609985;769.700012;760.599976;769.200012;769.200012;1330600
22/11/2016;772.630005;776.960022;767.000000;768.270020;768.270020;1593100
23/11/2016;767.729980;768.283020;755.250000;760.989990;760.989990;1478400
25/11/2016;764.260010;765.000000;760.520020;761.679993;761.679993;587400
28/11/2016;760.000000;779.530029;759.799988;768.239990;768.239990;2188200
29/11/2016;771.530029;778.500000;768.239990;770.840027;770.840027;1616600
30/11/2016;770.070007;772.989990;754.830017;758.039978;758.039978;2392900
01/12/2016;757.440002;759.849976;737.025024;747.919983;747.919983;3017900
02/12/2016;744.590027;754.000000;743.099976;750.500000;750.500000;1452500
05/12/2016;757.710022;763.900024;752.900024;762.520020;762.520020;1394200
06/12/2016;764.729980;768.830017;757.340027;759.109985;759.109985;1690700
07/12/2016;761.000000;771.359985;755.799988;771.190002;771.190002;1761000
08/12/2016;772.479980;778.179993;767.229980;776.419983;776.419983;1488100
09/12/2016;780.000000;789.429993;779.020996;789.289978;789.289978;1821900
12/12/2016;785.039978;791.250000;784.354980;789.270020;789.270020;2104100
13/12/2016;793.900024;804.380005;793.340027;796.099976;796.099976;2145200
14/12/2016;797.400024;804.000000;794.010010;797.070007;797.070007;1704200
15/12/2016;797.340027;803.000000;792.919983;797.849976;797.849976;1626500
16/12/2016;800.400024;800.856018;790.289978;790.799988;790.799988;2443800
19/12/2016;790.219971;797.659973;786.270020;794.200012;794.200012;1232100
20/12/2016;796.760010;798.650024;793.270020;796.419983;796.419983;951000
21/12/2016;795.840027;796.676025;787.099976;794.559998;794.559998;1211300
22/12/2016;792.359985;793.320007;788.580017;791.260010;791.260010;972200
23/12/2016;790.900024;792.739990;787.280029;789.909973;789.909973;623400
27/12/2016;790.679993;797.859985;787.656982;791.549988;791.549988;789100
28/12/2016;793.700012;794.229980;783.200012;785.049988;785.049988;1153800
29/12/2016;783.330017;785.929993;778.919983;782.789978;782.789978;744300
30/12/2016;782.750000;782.780029;770.409973;771.820007;771.820007;1770000
03/01/2017;778.809998;789.630005;775.799988;786.140015;786.140015;1657300
04/01/2017;788.359985;791.340027;783.159973;786.900024;786.900024;1073000
05/01/2017;786.080017;794.479980;785.020020;794.020020;794.020020;1335200
06/01/2017;795.260010;807.900024;792.203979;806.150024;806.150024;1640200
09/01/2017;806.400024;809.966003;802.830017;806.650024;806.650024;1274600
10/01/2017;807.859985;809.130005;803.510010;804.789978;804.789978;1176800
11/01/2017;805.000000;808.150024;801.369995;807.909973;807.909973;1065900
12/01/2017;807.140015;807.390015;799.169983;806.359985;806.359985;1353100
13/01/2017;807.479980;811.223999;806.690002;807.880005;807.880005;1099200
17/01/2017;807.080017;807.140015;800.369995;804.609985;804.609985;1362100
18/01/2017;805.809998;806.205017;800.989990;806.070007;806.070007;1294400
19/01/2017;805.119995;809.479980;801.799988;802.174988;802.174988;919300
20/01/2017;806.909973;806.909973;801.690002;805.020020;805.020020;1670000
23/01/2017;807.250000;820.869995;803.739990;819.309998;819.309998;1963600
24/01/2017;822.299988;825.900024;817.820984;823.869995;823.869995;1474000
25/01/2017;829.619995;835.770020;825.059998;835.669983;835.669983;1494500
26/01/2017;837.809998;838.000000;827.010010;832.150024;832.150024;2973900
27/01/2017;834.710022;841.950012;820.440002;823.309998;823.309998;2965800
30/01/2017;814.659973;815.840027;799.799988;802.320007;802.320007;3246600
31/01/2017;796.859985;801.250000;790.520020;796.789978;796.789978;2160600
01/02/2017;799.679993;801.190002;791.190002;795.695007;795.695007;2029700
02/02/2017;793.799988;802.700012;792.000000;798.530029;798.530029;1532100
03/02/2017;802.989990;806.000000;800.369995;801.489990;801.489990;1463400
06/02/2017;799.700012;801.669983;795.250000;801.340027;801.340027;1184500
07/02/2017;803.989990;810.500000;801.780029;806.969971;806.969971;1241200
08/02/2017;807.000000;811.840027;803.190002;808.380005;808.380005;1155300
09/02/2017;809.510010;810.659973;804.539978;809.559998;809.559998;989700
10/02/2017;811.700012;815.250000;809.780029;813.669983;813.669983;1135000
13/02/2017;816.000000;820.958984;815.489990;819.239990;819.239990;1213300
14/02/2017;819.000000;823.000000;816.000000;820.450012;820.450012;1054700
15/02/2017;819.359985;823.000000;818.469971;818.979980;818.979980;1313600
16/02/2017;819.929993;824.400024;818.979980;824.159973;824.159973;1287600
17/02/2017;823.020020;828.070007;821.655029;828.070007;828.070007;1611000
21/02/2017;828.659973;833.450012;828.349976;831.659973;831.659973;1262300
22/02/2017;828.659973;833.250000;828.640015;830.760010;830.760010;982900
23/02/2017;830.119995;832.460022;822.880005;831.330017;831.330017;1472800
24/02/2017;827.729980;829.000000;824.200012;828.640015;828.640015;1392200
27/02/2017;824.549988;830.500000;824.000000;829.280029;829.280029;1101500
28/02/2017;825.609985;828.539978;820.200012;823.210022;823.210022;2260800
01/03/2017;828.849976;836.255005;827.260010;835.239990;835.239990;1496500
02/03/2017;833.849976;834.510010;829.640015;830.630005;830.630005;942500
03/03/2017;830.559998;831.359985;825.750977;829.080017;829.080017;896400
06/03/2017;826.950012;828.880005;822.400024;827.780029;827.780029;1109000
07/03/2017;827.400024;833.409973;826.520020;831.909973;831.909973;1037600
08/03/2017;833.510010;838.150024;831.789978;835.369995;835.369995;989800
09/03/2017;836.000000;842.000000;834.210022;838.679993;838.679993;1261500
10/03/2017;843.280029;844.909973;839.500000;843.250000;843.250000;1704000
13/03/2017;844.000000;848.684998;843.250000;845.539978;845.539978;1223600
14/03/2017;843.640015;847.239990;840.799988;845.619995;845.619995;779900
15/03/2017;847.590027;848.630005;840.770020;847.200012;847.200012;1381500
16/03/2017;849.030029;850.849976;846.130005;848.780029;848.780029;977600
17/03/2017;851.609985;853.400024;847.109985;852.119995;852.119995;1712300
20/03/2017;850.010010;850.219971;845.150024;848.400024;848.400024;1231500
21/03/2017;851.400024;853.500000;829.020020;830.460022;830.460022;2463500
22/03/2017;831.909973;835.549988;827.179993;829.590027;829.590027;1401500
23/03/2017;821.000000;822.570007;812.257019;817.580017;817.580017;3487100
24/03/2017;820.080017;821.929993;808.890015;814.429993;814.429993;1981000
27/03/2017;806.950012;821.630005;803.369995;819.510010;819.510010;1894300
28/03/2017;820.409973;825.989990;814.026978;820.919983;820.919983;1620500
29/03/2017;825.000000;832.765015;822.380005;831.409973;831.409973;1786300
30/03/2017;833.500000;833.679993;829.000000;831.500000;831.500000;1055300
31/03/2017;828.969971;831.640015;827.390015;829.559998;829.559998;1401900
03/04/2017;829.219971;840.849976;829.219971;838.549988;838.549988;1671500
04/04/2017;831.359985;835.179993;829.036011;834.570007;834.570007;1045400
05/04/2017;835.510010;842.450012;830.719971;831.409973;831.409973;1555300
06/04/2017;832.400024;836.390015;826.460022;827.880005;827.880005;1254400
07/04/2017;827.960022;828.484985;820.513000;824.669983;824.669983;1057300
10/04/2017;825.390015;829.349976;823.770020;824.729980;824.729980;978900
11/04/2017;824.710022;827.427002;817.020020;823.349976;823.349976;1079700
12/04/2017;821.929993;826.659973;821.020020;824.320007;824.320007;900500
13/04/2017;822.140015;826.380005;821.440002;823.559998;823.559998;1122400
17/04/2017;825.010010;837.750000;824.469971;837.169983;837.169983;895000
18/04/2017;834.219971;838.929993;832.710022;836.820007;836.820007;836700
19/04/2017;839.789978;842.219971;836.289978;838.210022;838.210022;954200
20/04/2017;841.440002;845.200012;839.320007;841.650024;841.650024;959000
21/04/2017;842.880005;843.880005;840.599976;843.190002;843.190002;1323600
24/04/2017;851.200012;863.450012;849.859985;862.760010;862.760010;1372500
25/04/2017;865.000000;875.000000;862.809998;872.299988;872.299988;1672000
26/04/2017;874.229980;876.049988;867.747986;871.729980;871.729980;1237200
27/04/2017;873.599976;875.400024;870.380005;874.250000;874.250000;2026800
28/04/2017;910.659973;916.849976;905.770020;905.960022;905.960022;3276300
01/05/2017;901.940002;915.679993;901.450012;912.570007;912.570007;2116000
02/05/2017;909.619995;920.770020;909.453003;916.440002;916.440002;1587200
03/05/2017;914.859985;928.099976;912.543030;927.039978;927.039978;1499500
04/05/2017;926.070007;935.929993;924.590027;931.659973;931.659973;1422100
05/05/2017;933.539978;934.900024;925.200012;927.130005;927.130005;1911300
08/05/2017;926.119995;936.924988;925.260010;934.299988;934.299988;1329800
09/05/2017;936.950012;937.500000;929.530029;932.169983;932.169983;1581800
10/05/2017;931.979980;932.000000;925.159973;928.780029;928.780029;1173900
11/05/2017;925.320007;932.530029;923.030029;930.599976;930.599976;835000
12/05/2017;931.530029;933.440002;927.849976;932.219971;932.219971;1050600
15/05/2017;932.950012;938.250000;929.340027;937.080017;937.080017;1108100
16/05/2017;940.000000;943.109985;937.580017;943.000000;943.000000;969500
17/05/2017;935.669983;939.333008;918.140015;919.619995;919.619995;2362100
18/05/2017;921.000000;933.169983;918.750000;930.239990;930.239990;1596900
19/05/2017;931.469971;937.755005;931.000000;934.010010;934.010010;1393000
22/05/2017;935.000000;941.882996;935.000000;941.859985;941.859985;1120400
23/05/2017;947.919983;951.466980;942.575012;948.820007;948.820007;1270800
24/05/2017;952.979980;955.090027;949.500000;954.960022;954.960022;1024800
25/05/2017;957.330017;972.629028;955.469971;969.539978;969.539978;1660500
26/05/2017;969.700012;974.979980;965.030029;971.469971;971.469971;1252000
30/05/2017;970.309998;976.200012;969.489990;975.880005;975.880005;1466700
31/05/2017;975.020020;979.270020;960.179993;964.859985;964.859985;2448100
01/06/2017;968.950012;971.500000;960.010010;966.950012;966.950012;1410500
02/06/2017;969.460022;975.880005;966.000000;975.599976;975.599976;1751000
05/06/2017;976.549988;986.909973;975.099976;983.679993;983.679993;1252100
06/06/2017;983.159973;988.250000;975.140015;976.570007;976.570007;1814600
07/06/2017;980.000000;983.979980;975.940002;980.940002;980.940002;1453900
08/06/2017;982.349976;984.570007;977.200012;983.409973;983.409973;1481900
09/06/2017;984.500000;984.500000;935.630005;949.830017;949.830017;3309400
12/06/2017;939.559998;949.354980;915.232971;942.900024;942.900024;3763500
13/06/2017;951.909973;959.979980;944.090027;953.400024;953.400024;2013300
14/06/2017;959.919983;961.150024;942.250000;950.760010;950.760010;1489700
15/06/2017;933.969971;943.338989;924.440002;942.309998;942.309998;2133100
16/06/2017;940.000000;942.039978;931.594971;939.780029;939.780029;3094700
19/06/2017;949.960022;959.989990;949.049988;957.369995;957.369995;1533300
20/06/2017;957.520020;961.619995;950.010010;950.630005;950.630005;1126000
21/06/2017;953.640015;960.099976;950.760010;959.450012;959.450012;1202200
22/06/2017;958.700012;960.719971;954.549988;957.090027;957.090027;941400
23/06/2017;956.830017;966.000000;954.200012;965.590027;965.590027;1527900
26/06/2017;969.900024;973.309998;950.789978;952.270020;952.270020;1598400
27/06/2017;942.460022;948.289978;926.849976;927.330017;927.330017;2579900
28/06/2017;929.000000;942.750000;916.000000;940.489990;940.489990;2721400
29/06/2017;929.919983;931.260010;910.619995;917.789978;917.789978;3299200
30/06/2017;926.049988;926.049988;908.309998;908.729980;908.729980;2090200
03/07/2017;912.179993;913.940002;894.789978;898.700012;898.700012;1709800
05/07/2017;901.760010;914.510010;898.500000;911.710022;911.710022;1813900
06/07/2017;904.119995;914.943970;899.700012;906.690002;906.690002;1424500
07/07/2017;908.849976;921.539978;908.849976;918.590027;918.590027;1637800
10/07/2017;921.770020;930.380005;919.590027;928.799988;928.799988;1192800
11/07/2017;929.539978;931.429993;922.000000;930.090027;930.090027;1113200
12/07/2017;938.679993;946.299988;934.469971;943.830017;943.830017;1532100
13/07/2017;946.289978;954.450012;943.010010;947.159973;947.159973;1294700
14/07/2017;952.000000;956.909973;948.005005;955.989990;955.989990;1053800
17/07/2017;957.000000;960.739990;949.241028;953.419983;953.419983;1165500
18/07/2017;953.000000;968.039978;950.599976;965.400024;965.400024;1154000
19/07/2017;967.840027;973.039978;964.030029;970.890015;970.890015;1224500
20/07/2017;975.000000;975.900024;961.510010;968.150024;968.150024;1624500
21/07/2017;962.250000;973.229980;960.150024;972.919983;972.919983;1711000
24/07/2017;972.219971;986.200012;970.770020;980.340027;980.340027;3248300
25/07/2017;953.809998;959.700012;945.400024;950.700012;950.700012;4661000
26/07/2017;954.679993;955.000000;942.278992;947.799988;947.799988;2088300
27/07/2017;951.780029;951.780029;920.000000;934.090027;934.090027;3213000
28/07/2017;929.400024;943.830017;927.500000;941.530029;941.530029;1846400
31/07/2017;941.890015;943.590027;926.039978;930.500000;930.500000;1970100
01/08/2017;932.380005;937.447021;929.260010;930.830017;930.830017;1277700
02/08/2017;928.609985;932.599976;916.679993;930.390015;930.390015;1824400
03/08/2017;930.340027;932.239990;922.239990;923.650024;923.650024;1202500
04/08/2017;926.750000;930.307007;923.030029;927.960022;927.960022;1082300
07/08/2017;929.059998;931.700012;926.500000;929.359985;929.359985;1032200
08/08/2017;927.090027;935.814026;925.609985;926.789978;926.789978;1061600
09/08/2017;920.609985;925.979980;917.250000;922.900024;922.900024;1192100
10/08/2017;917.549988;919.260010;906.130005;907.239990;907.239990;1824000
11/08/2017;907.969971;917.780029;905.580017;914.390015;914.390015;1206800
14/08/2017;922.530029;924.668030;918.190002;922.669983;922.669983;1064500
15/08/2017;924.229980;926.549988;919.820007;922.219971;922.219971;883400
16/08/2017;925.289978;932.700012;923.445007;926.960022;926.960022;1006700
17/08/2017;925.780029;926.859985;910.979980;910.979980;910.979980;1277200
18/08/2017;910.309998;915.275024;907.153992;910.669983;910.669983;1342700
21/08/2017;910.000000;913.000000;903.400024;906.659973;906.659973;943400
22/08/2017;912.719971;925.859985;911.474976;924.690002;924.690002;1166700
23/08/2017;921.929993;929.929993;919.359985;927.000000;927.000000;1090200
24/08/2017;928.659973;930.840027;915.500000;921.280029;921.280029;1270300
25/08/2017;923.489990;925.554993;915.500000;915.890015;915.890015;1053400
28/08/2017;916.000000;919.244995;911.869995;913.809998;913.809998;1086500
29/08/2017;905.099976;923.330017;905.000000;921.289978;921.289978;1185600
30/08/2017;920.049988;930.818970;919.650024;929.570007;929.570007;1301200
31/08/2017;931.760010;941.979980;931.760010;939.330017;939.330017;1582600
01/09/2017;941.130005;942.479980;935.150024;937.340027;937.340027;947400
05/09/2017;933.080017;937.000000;921.960022;928.450012;928.450012;1326400
06/09/2017;930.150024;930.914978;919.270020;927.809998;927.809998;1527700
07/09/2017;931.729980;936.409973;923.619995;935.950012;935.950012;1212700
08/09/2017;936.489990;936.989990;924.880005;926.500000;926.500000;1011500
11/09/2017;934.250000;938.380005;926.919983;929.080017;929.080017;1267000
12/09/2017;932.590027;933.479980;923.861023;932.070007;932.070007;1134400
13/09/2017;930.659973;937.250000;929.859985;935.090027;935.090027;1102600
14/09/2017;931.250000;932.770020;924.000000;925.109985;925.109985;1397600
15/09/2017;924.659973;926.489990;916.359985;920.289978;920.289978;2505400
18/09/2017;920.010010;922.080017;910.599976;915.000000;915.000000;1306900
19/09/2017;917.419983;922.419983;912.549988;921.809998;921.809998;936700
20/09/2017;922.979980;933.880005;922.000000;931.580017;931.580017;1669800
21/09/2017;933.000000;936.530029;923.830017;932.450012;932.450012;1290600
22/09/2017;927.750000;934.729980;926.479980;928.530029;928.530029;1052700
25/09/2017;925.450012;926.400024;909.700012;920.969971;920.969971;1856800
26/09/2017;923.719971;930.820007;921.140015;924.859985;924.859985;1666900
27/09/2017;927.739990;949.900024;927.739990;944.489990;944.489990;2239400
28/09/2017;941.359985;950.690002;940.549988;949.500000;949.500000;1020300
29/09/2017;952.000000;959.786011;951.510010;959.109985;959.109985;1581000
02/10/2017;959.979980;962.539978;947.840027;953.270020;953.270020;1283400
03/10/2017;954.000000;958.000000;949.140015;957.789978;957.789978;888300
04/10/2017;957.000000;960.390015;950.690002;951.679993;951.679993;952400
05/10/2017;955.489990;970.909973;955.179993;969.960022;969.960022;1213800
06/10/2017;966.700012;979.460022;963.359985;978.890015;978.890015;1173900
09/10/2017;980.000000;985.424988;976.109985;977.000000;977.000000;891400
10/10/2017;980.000000;981.570007;966.080017;972.599976;972.599976;968400
11/10/2017;973.719971;990.710022;972.250000;989.250000;989.250000;1693300
12/10/2017;987.450012;994.119995;985.000000;987.830017;987.830017;1262400
13/10/2017;992.000000;997.210022;989.000000;989.679993;989.679993;1169800
16/10/2017;992.099976;993.906982;984.000000;992.000000;992.000000;910500
17/10/2017;990.289978;996.440002;988.590027;992.179993;992.179993;1290200
18/10/2017;991.770020;996.719971;986.974976;992.809998;992.809998;1057600
19/10/2017;986.000000;988.880005;978.390015;984.450012;984.450012;1313600
20/10/2017;989.440002;991.000000;984.580017;988.200012;988.200012;1183200
23/10/2017;989.520020;989.520020;966.119995;968.450012;968.450012;1478400
24/10/2017;970.000000;972.229980;961.000000;970.539978;970.539978;1212200
25/10/2017;968.369995;976.090027;960.520020;973.330017;973.330017;1211300
26/10/2017;980.000000;987.599976;972.200012;972.559998;972.559998;2042100
27/10/2017;1009.190002;1048.390015;1008.200012;1019.270020;1019.270020;5167700
30/10/2017;1014.000000;1024.969971;1007.500000;1017.109985;1017.109985;2085100
31/10/2017;1015.219971;1024.000000;1010.419983;1016.640015;1016.640015;1330700
01/11/2017;1017.210022;1029.670044;1016.950012;1025.500000;1025.500000;1373400
02/11/2017;1021.760010;1028.089966;1013.010010;1025.579956;1025.579956;1049000
03/11/2017;1022.109985;1032.650024;1020.309998;1032.479980;1032.479980;1076400
06/11/2017;1028.989990;1034.869995;1025.000000;1025.900024;1025.900024;1125200
07/11/2017;1027.270020;1033.969971;1025.130005;1033.329956;1033.329956;1112300
08/11/2017;1030.520020;1043.521973;1028.449951;1039.849976;1039.849976;1088700
09/11/2017;1033.989990;1033.989990;1019.666016;1031.260010;1031.260010;1245200
10/11/2017;1026.459961;1030.760010;1025.280029;1028.069946;1028.069946;720000
13/11/2017;1023.419983;1031.579956;1022.570007;1025.750000;1025.750000;885800
14/11/2017;1022.590027;1026.810059;1014.150024;1026.000000;1026.000000;959200
15/11/2017;1019.210022;1024.089966;1015.419983;1020.909973;1020.909973;854000
16/11/2017;1022.520020;1035.920044;1022.520020;1032.500000;1032.500000;1129700
17/11/2017;1034.010010;1034.420044;1017.750000;1019.090027;1019.090027;1397100
20/11/2017;1020.260010;1022.609985;1017.500000;1018.380005;1018.380005;953500
21/11/2017;1023.309998;1035.109985;1022.655029;1034.489990;1034.489990;1097000
22/11/2017;1035.000000;1039.706055;1031.430054;1035.959961;1035.959961;746300
24/11/2017;1035.869995;1043.177979;1035.000000;1040.609985;1040.609985;537000
27/11/2017;1040.000000;1055.459961;1038.439941;1054.209961;1054.209961;1307900
28/11/2017;1055.089966;1062.375000;1040.000000;1047.410034;1047.410034;1424400
29/11/2017;1042.680054;1044.079956;1015.650024;1021.659973;1021.659973;2459400
30/11/2017;1022.369995;1028.489990;1015.000000;1021.409973;1021.409973;1724000
01/12/2017;1015.799988;1022.489990;1002.020020;1010.169983;1010.169983;1909600
04/12/2017;1012.659973;1016.099976;995.570007;998.679993;998.679993;1906400
05/12/2017;995.940002;1020.609985;988.280029;1005.150024;1005.150024;2067300
06/12/2017;1001.500000;1024.969971;1001.140015;1018.380005;1018.380005;1272000
07/12/2017;1020.429993;1034.239990;1018.070984;1030.930054;1030.930054;1458200
08/12/2017;1037.489990;1042.050049;1032.521973;1037.050049;1037.050049;1290800
11/12/2017;1035.500000;1043.800049;1032.050049;1041.099976;1041.099976;1192800
12/12/2017;1039.630005;1050.310059;1033.689941;1040.479980;1040.479980;1279500
13/12/2017;1046.119995;1046.665039;1038.380005;1040.609985;1040.609985;1282700
14/12/2017;1045.000000;1058.500000;1043.109985;1049.150024;1049.150024;1558700
15/12/2017;1054.609985;1067.619995;1049.500000;1064.189941;1064.189941;3275900
18/12/2017;1066.079956;1078.489990;1062.000000;1077.140015;1077.140015;1554600
19/12/2017;1075.199951;1076.839966;1063.550049;1070.680054;1070.680054;1338700
20/12/2017;1071.780029;1073.380005;1061.520020;1064.949951;1064.949951;1268600
21/12/2017;1064.949951;1069.329956;1061.793945;1063.630005;1063.630005;995700
22/12/2017;1061.109985;1064.199951;1059.439941;1060.119995;1060.119995;755100
26/12/2017;1058.069946;1060.119995;1050.199951;1056.739990;1056.739990;760600
27/12/2017;1057.390015;1058.369995;1048.050049;1049.369995;1049.369995;1271900
28/12/2017;1051.599976;1054.750000;1044.770020;1048.140015;1048.140015;837100
29/12/2017;1046.719971;1049.699951;1044.900024;1046.400024;1046.400024;887500
02/01/2018;1048.339966;1066.939941;1045.229980;1065.000000;1065.000000;1237600
03/01/2018;1064.310059;1086.290039;1063.209961;1082.479980;1082.479980;1430200
04/01/2018;1088.000000;1093.569946;1084.001953;1086.400024;1086.400024;1004600
05/01/2018;1094.000000;1104.250000;1092.000000;1102.229980;1102.229980;1279100
08/01/2018;1102.229980;1111.270020;1101.619995;1106.939941;1106.939941;1047600
09/01/2018;1109.400024;1110.569946;1101.230957;1106.260010;1106.260010;902500
10/01/2018;1097.099976;1104.599976;1096.109985;1102.609985;1102.609985;1042800
11/01/2018;1106.300049;1106.525024;1099.589966;1105.520020;1105.520020;978300
12/01/2018;1102.410034;1124.290039;1101.150024;1122.260010;1122.260010;1720500
16/01/2018;1132.510010;1139.910034;1117.832031;1121.760010;1121.760010;1575300
17/01/2018;1126.219971;1132.599976;1117.010010;1131.979980;1131.979980;1202600
18/01/2018;1131.410034;1132.510010;1117.500000;1129.790039;1129.790039;1198200
19/01/2018;1131.829956;1137.859985;1128.300049;1137.510010;1137.510010;1778200
22/01/2018;1137.489990;1159.880005;1135.109985;1155.810059;1155.810059;1618000
23/01/2018;1159.849976;1171.626953;1158.750000;1169.969971;1169.969971;1333100
24/01/2018;1177.329956;1179.859985;1161.050049;1164.239990;1164.239990;1416600
25/01/2018;1172.530029;1175.939941;1162.760010;1170.369995;1170.369995;1480500
26/01/2018;1175.079956;1175.839966;1158.109985;1175.839966;1175.839966;2018800
29/01/2018;1176.479980;1186.890015;1171.979980;1175.579956;1175.579956;1378900
30/01/2018;1167.829956;1176.520020;1163.520020;1163.689941;1163.689941;1556300
31/01/2018;1170.569946;1173.000000;1159.130005;1169.939941;1169.939941;1538700
01/02/2018;1162.609985;1174.000000;1157.520020;1167.699951;1167.699951;2412100
02/02/2018;1122.000000;1123.069946;1107.277954;1111.900024;1111.900024;4857900
05/02/2018;1090.599976;1110.000000;1052.030029;1055.800049;1055.800049;3798300
06/02/2018;1027.180054;1081.709961;1023.137024;1080.599976;1080.599976;3448000
07/02/2018;1081.540039;1081.780029;1048.260010;1048.579956;1048.579956;2369200
08/02/2018;1055.410034;1058.619995;1000.659973;1001.520020;1001.520020;2859100
09/02/2018;1017.250000;1043.969971;992.559998;1037.780029;1037.780029;3505900
12/02/2018;1048.000000;1061.500000;1040.927979;1051.939941;1051.939941;2057700
13/02/2018;1045.000000;1058.369995;1044.087036;1052.099976;1052.099976;1265100
14/02/2018;1048.949951;1071.719971;1046.750000;1069.699951;1069.699951;1555800
15/02/2018;1079.069946;1091.479004;1064.339966;1089.520020;1089.520020;1843400
16/02/2018;1088.410034;1104.670044;1088.312988;1094.800049;1094.800049;1679500
20/02/2018;1090.569946;1113.949951;1088.520020;1102.459961;1102.459961;1423100
21/02/2018;1106.469971;1133.969971;1106.329956;1111.339966;1111.339966;1512900
22/02/2018;1116.189941;1122.819946;1102.589966;1106.630005;1106.630005;1317200
23/02/2018;1112.640015;1127.280029;1104.713989;1126.790039;1126.790039;1261000
26/02/2018;1127.800049;1143.959961;1126.694946;1143.750000;1143.750000;1559100
27/02/2018;1141.239990;1144.040039;1118.000000;1118.290039;1118.290039;1774100
28/02/2018;1123.030029;1127.530029;1103.239990;1104.729980;1104.729980;1882600
01/03/2018;1107.869995;1110.119995;1067.000977;1069.520020;1069.520020;2515900
02/03/2018;1053.079956;1081.999023;1048.114990;1078.920044;1078.920044;2271600
05/03/2018;1075.140015;1097.099976;1069.000000;1090.930054;1090.930054;1202200
06/03/2018;1099.219971;1101.849976;1089.775024;1095.060059;1095.060059;1532800
07/03/2018;1089.189941;1112.219971;1085.482056;1109.640015;1109.640015;1292500
08/03/2018;1115.319946;1127.599976;1112.800049;1126.000000;1126.000000;1355100
09/03/2018;1136.000000;1160.800049;1132.461060;1160.040039;1160.040039;2128000
12/03/2018;1163.849976;1177.050049;1157.420044;1164.500000;1164.500000;2172300
13/03/2018;1170.000000;1176.760010;1133.329956;1138.170044;1138.170044;1907200
14/03/2018;1145.209961;1158.589966;1141.439941;1149.489990;1149.489990;1291400
15/03/2018;1149.959961;1161.079956;1134.540039;1149.579956;1149.579956;1395400
16/03/2018;1154.140015;1155.880005;1131.959961;1135.729980;1135.729980;3092000
19/03/2018;1120.010010;1121.989990;1089.010010;1099.819946;1099.819946;2805900
20/03/2018;1099.000000;1105.199951;1083.459961;1097.709961;1097.709961;1831900
21/03/2018;1092.739990;1106.300049;1085.150024;1090.880005;1090.880005;1878900
22/03/2018;1081.880005;1082.900024;1045.910034;1049.079956;1049.079956;2667000
23/03/2018;1047.030029;1063.359985;1021.219971;1021.570007;1021.570007;2156700
26/03/2018;1046.000000;1055.630005;1008.400024;1053.209961;1053.209961;2665100
27/03/2018;1063.000000;1064.838989;996.919983;1005.099976;1005.099976;3095300
28/03/2018;998.000000;1024.229980;980.640015;1004.559998;1004.559998;3369300
29/03/2018;1011.630005;1043.000000;1002.900024;1031.790039;1031.790039;2726800
02/04/2018;1022.820007;1034.800049;990.369995;1006.469971;1006.469971;2680400
03/04/2018;1013.909973;1020.989990;994.070007;1013.409973;1013.409973;2275100
04/04/2018;993.409973;1028.718018;993.000000;1025.140015;1025.140015;2484700
05/04/2018;1041.329956;1042.790039;1020.130981;1027.810059;1027.810059;1363000
06/04/2018;1020.000000;1031.420044;1003.030029;1007.039978;1007.039978;1746400
09/04/2018;1016.799988;1039.599976;1014.080017;1015.450012;1015.450012;1751600
10/04/2018;1026.439941;1036.280029;1011.340027;1031.640015;1031.640015;1974500
11/04/2018;1027.989990;1031.364014;1015.869995;1019.969971;1019.969971;1483900
12/04/2018;1025.040039;1040.689941;1021.434998;1032.510010;1032.510010;1357000
13/04/2018;1040.880005;1046.420044;1022.979980;1029.270020;1029.270020;1223000
16/04/2018;1037.000000;1043.239990;1026.739990;1037.979980;1037.979980;1211200
17/04/2018;1051.369995;1077.880005;1048.260010;1074.160034;1074.160034;2320300
18/04/2018;1077.430054;1077.430054;1066.224976;1072.079956;1072.079956;1344100
19/04/2018;1069.400024;1094.165039;1068.180054;1087.699951;1087.699951;1747700
20/04/2018;1082.000000;1092.349976;1069.569946;1072.959961;1072.959961;1889700
23/04/2018;1077.859985;1082.719971;1060.699951;1067.449951;1067.449951;2341300
24/04/2018;1052.000000;1057.000000;1010.590027;1019.979980;1019.979980;4760300
25/04/2018;1025.520020;1032.489990;1015.309998;1021.179993;1021.179993;2391100
26/04/2018;1029.510010;1047.979980;1018.190002;1040.040039;1040.040039;2079500
27/04/2018;1046.000000;1049.500000;1025.589966;1030.050049;1030.050049;1619800
30/04/2018;1030.010010;1037.000000;1016.849976;1017.330017;1017.330017;1671300
01/05/2018;1013.659973;1038.469971;1008.210022;1037.310059;1037.310059;1427900
02/05/2018;1028.099976;1040.389038;1022.869995;1024.380005;1024.380005;1603100
03/05/2018;1019.000000;1029.675049;1006.289978;1023.719971;1023.719971;1815100
04/05/2018;1016.900024;1048.510010;1016.900024;1048.209961;1048.209961;1938700
07/05/2018;1049.229980;1061.680054;1047.099976;1054.790039;1054.790039;1466100
08/05/2018;1058.540039;1060.550049;1047.145020;1053.910034;1053.910034;1217700
09/05/2018;1058.099976;1085.439941;1056.364990;1082.760010;1082.760010;2032800
10/05/2018;1086.030029;1100.439941;1085.640015;1097.569946;1097.569946;1443000
11/05/2018;1093.599976;1101.329956;1090.910034;1098.260010;1098.260010;1253700
14/05/2018;1100.000000;1110.750000;1099.109985;1100.199951;1100.199951;1518100
15/05/2018;1090.000000;1090.050049;1073.469971;1079.229980;1079.229980;1494900
16/05/2018;1077.310059;1089.270020;1076.260010;1081.770020;1081.770020;1097300
17/05/2018;1079.890015;1086.869995;1073.500000;1078.589966;1078.589966;1043800
18/05/2018;1061.859985;1069.939941;1060.680054;1066.359985;1066.359985;1565200
21/05/2018;1074.060059;1088.000000;1073.650024;1079.579956;1079.579956;1023200
22/05/2018;1083.560059;1086.589966;1066.689941;1069.729980;1069.729980;1090000
23/05/2018;1065.130005;1080.780029;1061.709961;1079.689941;1079.689941;1060700
24/05/2018;1079.000000;1080.469971;1066.150024;1079.239990;1079.239990;766800
25/05/2018;1079.020020;1082.560059;1073.775024;1075.660034;1075.660034;899400
29/05/2018;1064.890015;1073.369995;1055.219971;1060.319946;1060.319946;1865100
30/05/2018;1063.030029;1069.209961;1056.829956;1067.800049;1067.800049;1138500
31/05/2018;1067.560059;1097.189941;1067.560059;1084.989990;1084.989990;3088300
01/06/2018;1099.349976;1120.000000;1098.500000;1119.500000;1119.500000;2421600
04/06/2018;1122.329956;1141.890015;1122.005005;1139.290039;1139.290039;1889600
05/06/2018;1140.989990;1145.738037;1133.189941;1139.660034;1139.660034;1678000
06/06/2018;1142.170044;1143.000000;1125.743042;1136.880005;1136.880005;1698200
07/06/2018;1131.319946;1135.819946;1116.520020;1123.859985;1123.859985;1520000
08/06/2018;1118.180054;1126.670044;1112.150024;1120.869995;1120.869995;1290800
11/06/2018;1118.599976;1137.260010;1118.599976;1129.989990;1129.989990;1079300
12/06/2018;1131.069946;1139.790039;1130.734985;1139.319946;1139.319946;912000
13/06/2018;1141.119995;1146.500000;1133.380005;1134.790039;1134.790039;1506400
14/06/2018;1143.849976;1155.469971;1140.640015;1152.119995;1152.119995;1343400
15/06/2018;1148.859985;1153.420044;1143.484985;1152.260010;1152.260010;2122500
18/06/2018;1143.650024;1174.310059;1143.589966;1173.459961;1173.459961;1413700
19/06/2018;1158.500000;1171.270020;1154.010010;1168.060059;1168.060059;1621000
20/06/2018;1175.310059;1186.286011;1169.160034;1169.839966;1169.839966;1648500
21/06/2018;1174.849976;1177.295044;1152.232056;1157.660034;1157.660034;1238100
22/06/2018;1159.140015;1162.496948;1147.260010;1155.479980;1155.479980;1311000
25/06/2018;1143.599976;1143.910034;1112.780029;1124.810059;1124.810059;2157300
26/06/2018;1128.000000;1133.209961;1116.659058;1118.459961;1118.459961;1563200
27/06/2018;1121.339966;1131.836060;1103.619995;1103.979980;1103.979980;1293900
28/06/2018;1102.089966;1122.310059;1096.010010;1114.219971;1114.219971;1072400
29/06/2018;1120.000000;1128.227051;1115.000000;1115.650024;1115.650024;1315100
02/07/2018;1099.000000;1128.000000;1093.800049;1127.459961;1127.459961;1217300
03/07/2018;1135.819946;1135.819946;1100.020020;1102.890015;1102.890015;679000
05/07/2018;1110.530029;1127.500000;1108.479980;1124.270020;1124.270020;1066700
06/07/2018;1123.579956;1140.930054;1120.737061;1140.170044;1140.170044;996100
09/07/2018;1148.479980;1154.670044;1143.420044;1154.050049;1154.050049;909000
10/07/2018;1156.979980;1159.589966;1149.589966;1152.839966;1152.839966;798400
11/07/2018;1144.589966;1164.290039;1141.000000;1153.900024;1153.900024;1120000
12/07/2018;1159.890015;1184.410034;1155.935059;1183.479980;1183.479980;1251900
13/07/2018;1185.000000;1195.416992;1180.000000;1188.819946;1188.819946;1221900
16/07/2018;1189.390015;1191.000000;1179.280029;1183.859985;1183.859985;1055700
17/07/2018;1172.219971;1203.040039;1170.599976;1198.800049;1198.800049;1610400
18/07/2018;1196.560059;1204.500000;1190.339966;1195.880005;1195.880005;1393600
19/07/2018;1191.000000;1200.000000;1183.319946;1186.959961;1186.959961;1276700
20/07/2018;1186.959961;1196.859985;1184.219971;1184.910034;1184.910034;1247400
23/07/2018;1181.010010;1206.489990;1181.000000;1205.500000;1205.500000;2619200
24/07/2018;1262.589966;1266.000000;1235.560059;1248.079956;1248.079956;3318200
25/07/2018;1239.130005;1265.859985;1239.130005;1263.699951;1263.699951;2127800
26/07/2018;1251.000000;1269.770996;1249.020020;1268.329956;1268.329956;2405600
27/07/2018;1271.000000;1273.890015;1231.000000;1238.500000;1238.500000;2130600
30/07/2018;1228.010010;1234.916016;1211.469971;1219.739990;1219.739990;1849900
31/07/2018;1220.010010;1227.588013;1205.599976;1217.260010;1217.260010;1644700
01/08/2018;1228.000000;1233.469971;1210.209961;1220.010010;1220.010010;1567200
02/08/2018;1205.900024;1229.880005;1204.790039;1226.150024;1226.150024;1531300
03/08/2018;1229.619995;1230.000000;1215.060059;1223.709961;1223.709961;1089600
06/08/2018;1225.000000;1226.088013;1215.796997;1224.770020;1224.770020;1081700
07/08/2018;1237.000000;1251.170044;1236.170044;1242.219971;1242.219971;1494000
08/08/2018;1240.469971;1256.500000;1238.008057;1245.609985;1245.609985;1370300
09/08/2018;1249.900024;1255.541992;1246.010010;1249.099976;1249.099976;848600
10/08/2018;1243.000000;1245.694946;1232.000000;1237.609985;1237.609985;1108700
13/08/2018;1236.979980;1249.272949;1233.640991;1235.010010;1235.010010;997300
14/08/2018;1235.189941;1245.869995;1225.109985;1242.099976;1242.099976;1348100
15/08/2018;1229.260010;1235.239990;1209.510010;1214.380005;1214.380005;1828800
16/08/2018;1224.729980;1226.000000;1202.550049;1206.489990;1206.489990;1343200
17/08/2018;1202.030029;1209.020020;1188.239990;1200.959961;1200.959961;1389600
20/08/2018;1205.020020;1211.000000;1194.625977;1207.770020;1207.770020;870800
21/08/2018;1208.000000;1217.260010;1200.354004;1201.619995;1201.619995;1205600
22/08/2018;1200.000000;1211.839966;1199.000000;1207.329956;1207.329956;887400
23/08/2018;1207.140015;1221.280029;1204.239990;1205.380005;1205.380005;992600
24/08/2018;1208.819946;1221.650024;1206.359009;1220.650024;1220.650024;946600
27/08/2018;1227.599976;1243.089966;1225.715942;1241.819946;1241.819946;1156300
28/08/2018;1241.290039;1242.545044;1228.689941;1231.150024;1231.150024;1304000
29/08/2018;1237.449951;1250.660034;1236.359009;1249.300049;1249.300049;1298900
30/08/2018;1244.229980;1253.635010;1232.589966;1239.119995;1239.119995;1331400
31/08/2018;1234.979980;1238.660034;1211.285034;1218.189941;1218.189941;1816400
04/09/2018;1204.270020;1212.989990;1192.500000;1197.000000;1197.000000;1831000
05/09/2018;1193.800049;1199.010010;1162.000000;1186.479980;1186.479980;2061300
06/09/2018;1186.300049;1186.300049;1152.000000;1171.439941;1171.439941;1888500
07/09/2018;1158.670044;1175.260010;1157.214966;1164.829956;1164.829956;1401300
10/09/2018;1172.189941;1174.540039;1160.109985;1164.640015;1164.640015;1115400
11/09/2018;1161.630005;1178.680054;1156.239990;1177.359985;1177.359985;1209300
12/09/2018;1172.719971;1178.609985;1158.359985;1162.819946;1162.819946;1295500
13/09/2018;1170.739990;1178.609985;1162.849976;1175.329956;1175.329956;1431200
14/09/2018;1179.099976;1180.425049;1168.329956;1172.530029;1172.530029;944000
17/09/2018;1170.140015;1177.239990;1154.030029;1156.050049;1156.050049;1306500
18/09/2018;1157.089966;1176.079956;1157.089966;1161.219971;1161.219971;1203600
19/09/2018;1164.979980;1173.209961;1154.579956;1171.089966;1171.089966;1191400
20/09/2018;1179.989990;1189.890015;1173.359985;1186.869995;1186.869995;1225400
21/09/2018;1192.000000;1192.209961;1166.040039;1166.089966;1166.089966;4405600
24/09/2018;1157.170044;1178.000000;1146.910034;1173.369995;1173.369995;1271000
25/09/2018;1176.150024;1186.880005;1168.000000;1184.650024;1184.650024;977700
26/09/2018;1185.150024;1194.229980;1174.765015;1180.489990;1180.489990;1462300
27/09/2018;1186.729980;1202.099976;1183.630005;1194.640015;1194.640015;1260800
28/09/2018;1191.869995;1195.410034;1184.500000;1193.469971;1193.469971;1380600
01/10/2018;1199.890015;1209.900024;1190.300049;1195.310059;1195.310059;1357600
02/10/2018;1190.959961;1209.959961;1186.630005;1200.109985;1200.109985;1687900
03/10/2018;1205.000000;1206.410034;1193.829956;1202.949951;1202.949951;1256200
04/10/2018;1195.329956;1197.510010;1155.576050;1168.189941;1168.189941;2209500
05/10/2018;1167.500000;1173.500000;1145.119995;1157.349976;1157.349976;1184300
08/10/2018;1150.109985;1168.000000;1127.364014;1148.969971;1148.969971;1932400
09/10/2018;1146.150024;1154.349976;1137.572021;1138.819946;1138.819946;1308700
10/10/2018;1131.079956;1132.170044;1081.130005;1081.219971;1081.219971;2675700
11/10/2018;1072.939941;1106.400024;1068.270020;1079.319946;1079.319946;2949000
12/10/2018;1108.000000;1115.000000;1086.401978;1110.079956;1110.079956;2101300
15/10/2018;1108.910034;1113.446045;1089.000000;1092.250000;1092.250000;1372400
16/10/2018;1104.589966;1124.219971;1102.500000;1121.280029;1121.280029;1928500
17/10/2018;1126.459961;1128.989990;1102.189941;1115.689941;1115.689941;1467200
18/10/2018;1121.839966;1121.839966;1077.089966;1087.969971;1087.969971;2094500
19/10/2018;1093.369995;1110.359985;1087.750000;1096.459961;1096.459961;1267600
22/10/2018;1103.060059;1112.229980;1091.000000;1101.160034;1101.160034;1514200
23/10/2018;1080.890015;1107.890015;1070.000000;1103.689941;1103.689941;1848700
24/10/2018;1104.250000;1106.119995;1048.739990;1050.709961;1050.709961;1982400
25/10/2018;1071.790039;1110.979980;1069.550049;1095.569946;1095.569946;2545800
26/10/2018;1037.030029;1106.530029;1034.089966;1071.469971;1071.469971;4187600
29/10/2018;1082.469971;1097.040039;995.830017;1020.080017;1020.080017;3880700
30/10/2018;1008.460022;1037.489990;1000.750000;1036.209961;1036.209961;3212700
31/10/2018;1059.810059;1091.939941;1057.000000;1076.770020;1076.770020;2529800
01/11/2018;1075.800049;1083.974976;1062.459961;1070.000000;1070.000000;1482000
02/11/2018;1073.729980;1082.974976;1054.609985;1057.790039;1057.790039;1839000
05/11/2018;1055.000000;1058.469971;1021.239990;1040.089966;1040.089966;2441400
06/11/2018;1039.479980;1064.344971;1038.069946;1055.810059;1055.810059;1233300
07/11/2018;1069.000000;1095.459961;1065.900024;1093.390015;1093.390015;2058400
08/11/2018;1091.380005;1093.270020;1072.204956;1082.400024;1082.400024;1488200
09/11/2018;1073.989990;1075.560059;1053.109985;1066.150024;1066.150024;1343200
12/11/2018;1061.390015;1062.119995;1031.000000;1038.630005;1038.630005;1471800
13/11/2018;1043.290039;1056.604980;1031.150024;1036.050049;1036.050049;1513700
14/11/2018;1050.000000;1054.563965;1031.000000;1043.660034;1043.660034;1565900
15/11/2018;1044.709961;1071.849976;1031.780029;1064.709961;1064.709961;1836100
16/11/2018;1059.410034;1067.000000;1048.979980;1061.489990;1061.489990;1658100
19/11/2018;1057.199951;1060.790039;1016.260010;1020.000000;1020.000000;1858600
20/11/2018;1000.000000;1031.739990;996.020020;1025.760010;1025.760010;2449100
21/11/2018;1036.760010;1048.560059;1033.469971;1037.609985;1037.609985;1534300
23/11/2018;1030.000000;1037.589966;1022.398987;1023.880005;1023.880005;691500
26/11/2018;1038.349976;1049.310059;1033.910034;1048.619995;1048.619995;1942800
27/11/2018;1041.000000;1057.579956;1038.489990;1044.410034;1044.410034;1803200
28/11/2018;1048.760010;1086.839966;1035.760010;1086.229980;1086.229980;2475400
29/11/2018;1076.079956;1094.244995;1076.000000;1088.300049;1088.300049;1468900
30/11/2018;1089.069946;1095.569946;1077.880005;1094.430054;1094.430054;2580200
03/12/2018;1123.140015;1124.650024;1103.665039;1106.430054;1106.430054;1991200
04/12/2018;1103.119995;1104.420044;1049.979980;1050.819946;1050.819946;2345200
06/12/2018;1034.260010;1071.199951;1030.770020;1068.729980;1068.729980;2769200
07/12/2018;1060.010010;1075.260010;1028.500000;1036.579956;1036.579956;2101200
10/12/2018;1035.050049;1048.449951;1023.289978;1039.550049;1039.550049;1807700
11/12/2018;1056.489990;1060.599976;1039.839966;1051.750000;1051.750000;1394700
12/12/2018;1068.000000;1081.650024;1062.790039;1063.680054;1063.680054;1523800
13/12/2018;1068.069946;1079.760010;1053.930054;1061.900024;1061.900024;1329800
14/12/2018;1049.979980;1062.599976;1040.790039;1042.099976;1042.099976;1686600
17/12/2018;1037.510010;1053.150024;1007.900024;1016.530029;1016.530029;2385400
18/12/2018;1026.089966;1049.479980;1021.440002;1028.709961;1028.709961;2192500
19/12/2018;1033.989990;1062.000000;1008.049988;1023.010010;1023.010010;2479300
20/12/2018;1018.130005;1034.219971;996.359985;1009.409973;1009.409973;2673500
21/12/2018;1015.299988;1024.020020;973.690002;979.539978;979.539978;4596000
24/12/2018;973.900024;1003.539978;970.109985;976.219971;976.219971;1590300
26/12/2018;989.010010;1040.000000;983.000000;1039.459961;1039.459961;2373300
27/12/2018;1017.150024;1043.890015;997.000000;1043.880005;1043.880005;2109800
28/12/2018;1049.619995;1055.560059;1033.099976;1037.079956;1037.079956;1414800
31/12/2018;1050.959961;1052.699951;1023.590027;1035.609985;1035.609985;1493300
02/01/2019;1016.570007;1052.319946;1015.710022;1045.849976;1045.849976;1532600
03/01/2019;1041.000000;1056.979980;1014.070007;1016.059998;1016.059998;1841100
04/01/2019;1032.589966;1070.839966;1027.417969;1070.709961;1070.709961;2093900
07/01/2019;1071.500000;1074.000000;1054.760010;1068.390015;1068.390015;1981900
08/01/2019;1076.109985;1084.560059;1060.530029;1076.280029;1076.280029;1764900
09/01/2019;1081.650024;1082.630005;1066.400024;1074.660034;1074.660034;1199300
10/01/2019;1067.660034;1071.150024;1057.709961;1070.329956;1070.329956;1456400
11/01/2019;1063.180054;1063.775024;1048.479980;1057.189941;1057.189941;1520800
14/01/2019;1046.920044;1051.530029;1041.255005;1044.689941;1044.689941;1144300
15/01/2019;1050.170044;1080.050049;1047.339966;1077.150024;1077.150024;1463600
16/01/2019;1080.000000;1092.375000;1079.339966;1080.969971;1080.969971;1331800
17/01/2019;1079.469971;1091.800049;1073.500000;1089.900024;1089.900024;1242700
18/01/2019;1100.000000;1108.352051;1090.900024;1098.260010;1098.260010;1955600
22/01/2019;1088.000000;1091.510010;1063.469971;1070.520020;1070.520020;1613500
23/01/2019;1077.349976;1084.930054;1059.750000;1075.569946;1075.569946;967000
24/01/2019;1076.479980;1079.474976;1060.699951;1073.900024;1073.900024;1361300
25/01/2019;1085.000000;1094.000000;1081.819946;1090.989990;1090.989990;1119100
28/01/2019;1080.109985;1083.000000;1063.800049;1070.079956;1070.079956;1284300
29/01/2019;1072.680054;1075.150024;1055.864990;1060.619995;1060.619995;1021800
30/01/2019;1068.430054;1091.000000;1066.849976;1089.060059;1089.060059;1279800
31/01/2019;1103.000000;1117.329956;1095.410034;1116.369995;1116.369995;1538300
01/02/2019;1112.400024;1125.000000;1104.890015;1110.750000;1110.750000;1462200
04/02/2019;1112.660034;1132.800049;1109.020020;1132.800049;1132.800049;2576500
05/02/2019;1124.839966;1146.849976;1117.248047;1145.989990;1145.989990;3552200
06/02/2019;1139.569946;1147.000000;1112.770020;1115.229980;1115.229980;2105600
07/02/2019;1104.160034;1104.839966;1086.000000;1098.709961;1098.709961;2044800
08/02/2019;1087.000000;1098.910034;1086.550049;1095.060059;1095.060059;1075800
11/02/2019;1096.949951;1105.944946;1092.859985;1095.010010;1095.010010;1065200
12/02/2019;1106.800049;1125.295044;1105.849976;1121.369995;1121.369995;1609100
13/02/2019;1124.989990;1134.729980;1118.500000;1120.160034;1120.160034;1049800
14/02/2019;1118.050049;1128.229980;1110.444946;1121.670044;1121.670044;947600
15/02/2019;1130.079956;1131.670044;1110.650024;1113.650024;1113.650024;1449800
19/02/2019;1110.000000;1121.890015;1110.000000;1118.560059;1118.560059;1046400
20/02/2019;1119.989990;1123.410034;1105.280029;1113.800049;1113.800049;1087800
21/02/2019;1110.839966;1111.939941;1092.520020;1096.969971;1096.969971;1415100
22/02/2019;1100.900024;1111.239990;1095.599976;1110.369995;1110.369995;1049500
25/02/2019;1116.000000;1118.540039;1107.270020;1109.400024;1109.400024;1413100
26/02/2019;1105.750000;1119.510010;1099.920044;1115.130005;1115.130005;1471300
27/02/2019;1106.949951;1117.979980;1101.000000;1116.050049;1116.050049;968400
28/02/2019;1111.300049;1127.650024;1111.010010;1119.920044;1119.920044;1542500
01/03/2019;1124.900024;1142.969971;1124.750000;1140.989990;1140.989990;1450300
04/03/2019;1146.989990;1158.280029;1130.689941;1147.800049;1147.800049;1446000
05/03/2019;1150.060059;1169.609985;1146.194946;1162.030029;1162.030029;1443200
06/03/2019;1162.489990;1167.566040;1155.489990;1157.859985;1157.859985;1099300
07/03/2019;1155.719971;1156.755005;1134.910034;1143.300049;1143.300049;1166600
08/03/2019;1126.729980;1147.079956;1123.300049;1142.319946;1142.319946;1212400
11/03/2019;1144.449951;1176.189941;1144.449951;1175.760010;1175.760010;1719200
12/03/2019;1178.260010;1200.000000;1178.260010;1193.199951;1193.199951;2013100
13/03/2019;1200.645020;1200.930054;1191.939941;1193.319946;1193.319946;1435900
14/03/2019;1194.510010;1197.880005;1184.479980;1185.550049;1185.550049;1172800
15/03/2019;1193.380005;1196.569946;1182.609985;1184.459961;1184.459961;2461800
18/03/2019;1183.300049;1190.000000;1177.421021;1184.260010;1184.260010;1292600
19/03/2019;1188.810059;1200.000000;1185.869995;1198.849976;1198.849976;1520700
20/03/2019;1197.349976;1227.140015;1196.170044;1223.969971;1223.969971;2227400
21/03/2019;1216.000000;1231.790039;1213.150024;1231.540039;1231.540039;1204000
22/03/2019;1226.319946;1230.000000;1202.824951;1205.500000;1205.500000;1714200
25/03/2019;1196.930054;1206.397949;1187.040039;1193.000000;1193.000000;1496800
26/03/2019;1198.530029;1202.829956;1176.719971;1184.619995;1184.619995;1901200
27/03/2019;1185.500000;1187.558960;1159.369995;1173.020020;1173.020020;1400200
28/03/2019;1171.540039;1171.564941;1159.431030;1168.489990;1168.489990;961700
29/03/2019;1174.900024;1178.989990;1162.880005;1173.310059;1173.310059;1269900
01/04/2019;1184.099976;1196.660034;1182.000000;1194.430054;1194.430054;1252500
02/04/2019;1195.319946;1201.349976;1185.709961;1200.489990;1200.489990;827900
03/04/2019;1207.479980;1216.300049;1200.500000;1205.920044;1205.920044;1014300
04/04/2019;1205.939941;1215.670044;1204.130005;1215.000000;1215.000000;950000
05/04/2019;1214.989990;1216.219971;1205.030029;1207.150024;1207.150024;907200
08/04/2019;1207.890015;1208.689941;1199.859985;1203.839966;1203.839966;860200
09/04/2019;1196.000000;1202.290039;1193.079956;1197.250000;1197.250000;876400
10/04/2019;1200.680054;1203.785034;1196.435059;1202.160034;1202.160034;724600
11/04/2019;1203.959961;1207.959961;1200.130005;1204.619995;1204.619995;710200
12/04/2019;1210.000000;1218.349976;1208.109985;1217.869995;1217.869995;933400
15/04/2019;1218.000000;1224.199951;1209.109985;1221.099976;1221.099976;1187400
16/04/2019;1225.000000;1230.819946;1220.119995;1227.130005;1227.130005;856300
17/04/2019;1233.000000;1240.560059;1227.819946;1236.339966;1236.339966;1221900
18/04/2019;1239.180054;1242.000000;1234.609985;1236.369995;1236.369995;1331800
22/04/2019;1235.989990;1249.089966;1228.310059;1248.839966;1248.839966;807300
23/04/2019;1250.689941;1269.000000;1246.380005;1264.550049;1264.550049;1319900
24/04/2019;1264.119995;1268.010010;1255.000000;1256.000000;1256.000000;1018800
25/04/2019;1264.770020;1267.407959;1252.030029;1263.449951;1263.449951;1107300
26/04/2019;1269.000000;1273.069946;1260.319946;1272.180054;1272.180054;1241400
29/04/2019;1274.000000;1289.270020;1266.295044;1287.579956;1287.579956;2499400
30/04/2019;1185.000000;1192.810059;1175.000000;1188.479980;1188.479980;6207000
01/05/2019;1188.050049;1188.050049;1167.180054;1168.079956;1168.079956;2639200
02/05/2019;1167.760010;1174.189941;1155.001953;1162.609985;1162.609985;1944800
03/05/2019;1173.650024;1186.800049;1169.000000;1185.400024;1185.400024;1980700
06/05/2019;1166.260010;1190.849976;1166.260010;1189.390015;1189.390015;1563900
07/05/2019;1180.469971;1190.439941;1161.040039;1174.099976;1174.099976;1551400
08/05/2019;1172.010010;1180.423950;1165.739990;1166.270020;1166.270020;1309300
09/05/2019;1159.030029;1169.660034;1150.849976;1162.380005;1162.380005;1185700
10/05/2019;1163.589966;1172.599976;1142.500000;1164.270020;1164.270020;1314500
13/05/2019;1141.959961;1147.939941;1122.109985;1132.030029;1132.030029;1860600
14/05/2019;1137.209961;1140.420044;1119.550049;1120.439941;1120.439941;1836600
15/05/2019;1117.869995;1171.329956;1116.666016;1164.209961;1164.209961;2289300
16/05/2019;1164.510010;1188.160034;1162.839966;1178.979980;1178.979980;1531400
17/05/2019;1168.469971;1180.150024;1160.010010;1162.300049;1162.300049;1208600
20/05/2019;1144.500000;1146.796997;1131.442993;1138.849976;1138.849976;1353300
21/05/2019;1148.489990;1152.708008;1137.939941;1149.630005;1149.630005;1159800
22/05/2019;1146.750000;1158.520020;1145.890015;1151.420044;1151.420044;914500
23/05/2019;1140.500000;1145.973022;1129.223999;1140.770020;1140.770020;1198900
24/05/2019;1147.359985;1149.765015;1131.660034;1133.469971;1133.469971;1112000
28/05/2019;1134.000000;1151.587036;1133.119995;1134.150024;1134.150024;1365000
29/05/2019;1127.520020;1129.099976;1108.219971;1116.459961;1116.459961;1538200
30/05/2019;1115.540039;1123.130005;1112.119995;1117.949951;1117.949951;951900
31/05/2019;1101.290039;1109.599976;1100.180054;1103.630005;1103.630005;1507800
03/06/2019;1065.500000;1065.500000;1025.000000;1036.229980;1036.229980;5130600
04/06/2019;1042.900024;1056.050049;1033.689941;1053.050049;1053.050049;2833500
05/06/2019;1051.540039;1053.550049;1030.489990;1042.219971;1042.219971;2168400
06/06/2019;1044.989990;1047.489990;1033.699951;1044.339966;1044.339966;1703200
07/06/2019;1050.630005;1070.920044;1048.400024;1066.040039;1066.040039;1802400
10/06/2019;1072.979980;1092.660034;1072.322021;1080.380005;1080.380005;1464200
11/06/2019;1093.979980;1101.989990;1077.603027;1078.719971;1078.719971;1436700
12/06/2019;1078.000000;1080.930054;1067.540039;1077.030029;1077.030029;1061000
13/06/2019;1083.640015;1094.170044;1080.150024;1088.770020;1088.770020;1057700
14/06/2019;1086.420044;1092.689941;1080.171997;1085.349976;1085.349976;1111500
17/06/2019;1086.280029;1099.180054;1086.280029;1092.500000;1092.500000;941600
18/06/2019;1109.689941;1116.390015;1098.989990;1103.599976;1103.599976;1386700
19/06/2019;1105.599976;1107.000000;1093.479980;1102.329956;1102.329956;1338800
20/06/2019;1119.989990;1120.119995;1104.739990;1111.420044;1111.420044;1262000
21/06/2019;1109.239990;1124.109985;1108.079956;1121.880005;1121.880005;1947600
24/06/2019;1119.609985;1122.000000;1111.010010;1115.520020;1115.520020;1395600
25/06/2019;1112.660034;1114.349976;1083.800049;1086.349976;1086.349976;1546900
26/06/2019;1086.500000;1092.969971;1072.239990;1079.800049;1079.800049;1810900
27/06/2019;1084.000000;1087.099976;1075.290039;1076.010010;1076.010010;1004300
28/06/2019;1076.390015;1081.000000;1073.369995;1080.910034;1080.910034;1693200
01/07/2019;1098.000000;1107.579956;1093.703003;1097.949951;1097.949951;1436300
02/07/2019;1102.239990;1111.770020;1098.170044;1111.250000;1111.250000;991600
03/07/2019;1117.410034;1126.760010;1113.859985;1121.579956;1121.579956;767000
05/07/2019;1117.800049;1132.880005;1116.140015;1131.589966;1131.589966;1264300
08/07/2019;1125.170044;1125.979980;1111.209961;1116.349976;1116.349976;1236400
09/07/2019;1111.800049;1128.025024;1107.170044;1124.829956;1124.829956;1330400
10/07/2019;1131.219971;1142.050049;1130.969971;1140.479980;1140.479980;1209500
11/07/2019;1143.250000;1153.069946;1139.579956;1144.209961;1144.209961;1195500
12/07/2019;1143.989990;1147.339966;1138.780029;1144.900024;1144.900024;864000
15/07/2019;1146.859985;1150.819946;1139.400024;1150.339966;1150.339966;903800
16/07/2019;1146.000000;1158.579956;1145.000000;1153.579956;1153.579956;1238800
17/07/2019;1150.969971;1158.359985;1145.770020;1146.349976;1146.349976;1170000
18/07/2019;1141.739990;1147.604980;1132.729980;1146.329956;1146.329956;1290700
19/07/2019;1148.189941;1151.140015;1129.619995;1130.099976;1130.099976;1647200
22/07/2019;1133.449951;1139.250000;1124.239990;1138.069946;1138.069946;1301500
23/07/2019;1144.000000;1146.900024;1131.800049;1146.209961;1146.209961;1093700
24/07/2019;1131.900024;1144.000000;1126.989990;1137.810059;1137.810059;1589800
25/07/2019;1137.819946;1141.699951;1120.920044;1132.119995;1132.119995;2209800
26/07/2019;1224.040039;1265.550049;1224.000000;1250.410034;1250.410034;4805800
29/07/2019;1241.050049;1247.369995;1228.229980;1239.410034;1239.410034;2223700
30/07/2019;1225.410034;1234.869995;1223.300049;1225.140015;1225.140015;1453300
31/07/2019;1223.000000;1234.000000;1207.764038;1216.680054;1216.680054;1725500
01/08/2019;1214.030029;1234.109985;1205.719971;1209.010010;1209.010010;1698500
02/08/2019;1200.739990;1206.900024;1188.939941;1193.989990;1193.989990;1645100
05/08/2019;1170.040039;1175.239990;1140.140015;1152.319946;1152.319946;2597500
06/08/2019;1163.310059;1179.959961;1160.000000;1169.949951;1169.949951;1709400
07/08/2019;1156.000000;1178.444946;1149.624023;1173.989990;1173.989990;1444300
08/08/2019;1182.829956;1205.010010;1173.020020;1204.800049;1204.800049;1468000
09/08/2019;1197.989990;1203.880005;1183.603027;1188.010010;1188.010010;1065700
12/08/2019;1179.209961;1184.959961;1167.671997;1174.709961;1174.709961;1003000
13/08/2019;1171.459961;1204.780029;1171.459961;1197.270020;1197.270020;1294400
14/08/2019;1176.310059;1182.300049;1160.540039;1164.290039;1164.290039;1578700
15/08/2019;1163.500000;1175.839966;1162.109985;1167.260010;1167.260010;1218700
16/08/2019;1179.550049;1182.719971;1171.810059;1177.599976;1177.599976;1313300
19/08/2019;1190.089966;1206.989990;1190.089966;1198.449951;1198.449951;1231600
20/08/2019;1195.250000;1196.060059;1182.109985;1182.689941;1182.689941;915500
21/08/2019;1193.150024;1199.000000;1187.430054;1191.250000;1191.250000;740700
22/08/2019;1194.069946;1198.011963;1178.579956;1189.530029;1189.530029;947500
23/08/2019;1181.989990;1194.079956;1147.750000;1151.290039;1151.290039;1687000
26/08/2019;1157.260010;1169.469971;1152.959961;1168.890015;1168.890015;1226100
27/08/2019;1180.530029;1182.400024;1161.449951;1167.839966;1167.839966;1077200
28/08/2019;1161.709961;1176.420044;1157.300049;1171.020020;1171.020020;802000
29/08/2019;1181.119995;1196.060059;1181.119995;1192.849976;1192.849976;1088400
30/08/2019;1198.500000;1198.500000;1183.802979;1188.099976;1188.099976;1129800
03/09/2019;1177.030029;1186.890015;1163.199951;1168.390015;1168.390015;1479900
04/09/2019;1176.709961;1183.479980;1171.000000;1181.410034;1181.410034;1068900
05/09/2019;1191.530029;1213.040039;1191.530029;1211.380005;1211.380005;1408100
06/09/2019;1208.130005;1212.015015;1202.521973;1204.930054;1204.930054;1072100
09/09/2019;1204.000000;1220.000000;1192.619995;1204.410034;1204.410034;1471900
10/09/2019;1195.150024;1210.000000;1194.579956;1206.000000;1206.000000;1260100
11/09/2019;1203.410034;1222.599976;1202.199951;1220.170044;1220.170044;1307000
12/09/2019;1224.300049;1241.859985;1223.020020;1234.250000;1234.250000;1725900
13/09/2019;1231.349976;1240.880005;1227.010010;1239.560059;1239.560059;1301400
16/09/2019;1229.520020;1239.560059;1225.609985;1231.300049;1231.300049;1053300
17/09/2019;1230.400024;1235.000000;1223.689941;1229.150024;1229.150024;955100
18/09/2019;1227.510010;1235.609985;1216.530029;1232.410034;1232.410034;1135100
19/09/2019;1232.060059;1244.439941;1232.020020;1238.709961;1238.709961;996000
20/09/2019;1233.119995;1243.319946;1223.079956;1229.930054;1229.930054;2270000
23/09/2019;1226.000000;1239.089966;1224.170044;1234.030029;1234.030029;1062400
24/09/2019;1240.000000;1246.739990;1210.680054;1218.760010;1218.760010;1583200
25/09/2019;1215.819946;1248.300049;1210.089966;1246.520020;1246.520020;1453000
26/09/2019;1241.959961;1245.000000;1232.267944;1241.390015;1241.390015;1538000
27/09/2019;1243.010010;1244.020020;1214.449951;1225.089966;1225.089966;1353900
30/09/2019;1220.969971;1226.000000;1212.300049;1219.000000;1219.000000;1404100
01/10/2019;1219.000000;1231.229980;1203.579956;1205.099976;1205.099976;1273500
02/10/2019;1196.979980;1196.979980;1171.290039;1176.630005;1176.630005;1615100
03/10/2019;1180.000000;1189.060059;1162.430054;1187.829956;1187.829956;1621200
04/10/2019;1191.890015;1211.439941;1189.170044;1209.000000;1209.000000;1162400
07/10/2019;1204.400024;1218.203979;1203.750000;1207.680054;1207.680054;842900
08/10/2019;1197.589966;1206.079956;1189.010010;1189.130005;1189.130005;1039300
09/10/2019;1199.349976;1208.349976;1197.630005;1202.310059;1202.310059;867700
10/10/2019;1198.579956;1215.000000;1197.339966;1208.670044;1208.670044;846600
11/10/2019;1222.209961;1228.390015;1213.739990;1215.449951;1215.449951;1272700
14/10/2019;1212.339966;1226.329956;1211.760010;1217.140015;1217.140015;867500
15/10/2019;1220.400024;1247.329956;1220.400024;1243.010010;1243.010010;1381700
16/10/2019;1241.170044;1254.739990;1238.449951;1243.640015;1243.640015;1094600
17/10/2019;1250.930054;1263.324951;1249.939941;1253.069946;1253.069946;952400
18/10/2019;1253.459961;1258.890015;1241.079956;1245.489990;1245.489990;1352800
21/10/2019;1252.260010;1254.629028;1240.599976;1246.150024;1246.150024;1027200
22/10/2019;1247.849976;1250.599976;1241.380005;1242.800049;1242.800049;1023800
23/10/2019;1242.359985;1259.890015;1242.359985;1259.130005;1259.130005;911500
24/10/2019;1260.900024;1264.000000;1253.714966;1260.989990;1260.989990;1028100
25/10/2019;1251.030029;1269.599976;1250.010010;1265.130005;1265.130005;1213100
28/10/2019;1275.449951;1299.310059;1272.540039;1290.000000;1290.000000;2613200
29/10/2019;1276.229980;1281.589966;1257.212036;1262.619995;1262.619995;1886400
30/10/2019;1252.969971;1269.359985;1252.000000;1261.290039;1261.290039;1408900
31/10/2019;1261.280029;1267.670044;1250.843018;1260.109985;1260.109985;1455700
01/11/2019;1265.000000;1274.619995;1260.500000;1273.739990;1273.739990;1670100
04/11/2019;1276.449951;1294.130005;1276.354980;1291.369995;1291.369995;1501000
05/11/2019;1292.890015;1298.930054;1291.229004;1292.030029;1292.030029;1282700
06/11/2019;1289.459961;1293.729980;1282.500000;1291.800049;1291.800049;1153000
07/11/2019;1294.280029;1323.739990;1294.244995;1308.859985;1308.859985;2030000
08/11/2019;1305.280029;1318.000000;1304.364990;1311.369995;1311.369995;1251400
11/11/2019;1303.180054;1306.425049;1297.410034;1299.189941;1299.189941;1011900
12/11/2019;1300.000000;1310.000000;1295.770020;1298.800049;1298.800049;1085900
13/11/2019;1294.069946;1304.300049;1293.510010;1298.000000;1298.000000;826700
14/11/2019;1297.500000;1317.000000;1295.650024;1311.459961;1311.459961;1193500
15/11/2019;1318.939941;1334.880005;1314.280029;1334.869995;1334.869995;1782600
18/11/2019;1332.219971;1335.529053;1317.500000;1320.699951;1320.699951;1487400
19/11/2019;1327.699951;1327.699951;1312.800049;1315.459961;1315.459961;1269200
20/11/2019;1311.739990;1315.000000;1291.150024;1303.050049;1303.050049;1308600
21/11/2019;1301.479980;1312.589966;1293.000000;1301.349976;1301.349976;995500
22/11/2019;1305.619995;1308.729980;1291.410034;1295.339966;1295.339966;1385700
25/11/2019;1299.180054;1311.310059;1298.130005;1306.689941;1306.689941;1036200
26/11/2019;1309.859985;1314.800049;1305.089966;1313.550049;1313.550049;1069700
27/11/2019;1315.000000;1318.359985;1309.630005;1312.989990;1312.989990;995600
29/11/2019;1307.119995;1310.204956;1303.969971;1304.959961;1304.959961;587000
02/12/2019;1301.000000;1305.829956;1281.000000;1289.920044;1289.920044;1510900
03/12/2019;1279.569946;1298.461060;1279.000000;1295.280029;1295.280029;1143800
04/12/2019;1307.010010;1325.800049;1304.869995;1320.540039;1320.540039;1537500
05/12/2019;1328.000000;1329.358032;1316.439941;1328.130005;1328.130005;1212700
06/12/2019;1333.439941;1344.000000;1333.439941;1340.619995;1340.619995;1314800
09/12/2019;1338.040039;1359.449951;1337.839966;1343.560059;1343.560059;1354300
10/12/2019;1341.500000;1349.974976;1336.040039;1344.660034;1344.660034;1094100
11/12/2019;1350.839966;1351.199951;1342.670044;1345.020020;1345.020020;850400
12/12/2019;1345.939941;1355.775024;1340.500000;1350.270020;1350.270020;1281000
13/12/2019;1347.949951;1353.093018;1343.869995;1347.829956;1347.829956;1549600
16/12/2019;1356.500000;1364.680054;1352.670044;1361.170044;1361.170044;1397300
17/12/2019;1362.890015;1365.000000;1351.322998;1355.119995;1355.119995;1854000
18/12/2019;1356.599976;1360.469971;1351.000000;1352.619995;1352.619995;1522600
19/12/2019;1351.819946;1358.099976;1348.984985;1356.040039;1356.040039;1469900
20/12/2019;1363.349976;1363.640015;1349.000000;1349.589966;1349.589966;3315000
23/12/2019;1355.869995;1359.800049;1346.510010;1348.839966;1348.839966;883100
24/12/2019;1348.500000;1350.260010;1342.780029;1343.560059;1343.560059;347500
26/12/2019;1346.170044;1361.327026;1344.469971;1360.400024;1360.400024;667500
27/12/2019;1362.989990;1364.530029;1349.310059;1351.890015;1351.890015;1038400
30/12/2019;1350.000000;1353.000000;1334.020020;1336.140015;1336.140015;1050900
31/12/2019;1330.109985;1338.000000;1329.084961;1337.020020;1337.020020;961800
02/01/2020;1341.550049;1368.140015;1341.550049;1367.369995;1367.369995;1406600
03/01/2020;1347.859985;1372.500000;1345.543945;1360.660034;1360.660034;1186400
06/01/2020;1350.000000;1396.500000;1350.000000;1394.209961;1394.209961;1732300
07/01/2020;1397.939941;1402.989990;1390.380005;1393.339966;1393.339966;1502700
08/01/2020;1392.079956;1411.579956;1390.839966;1404.319946;1404.319946;1528000
09/01/2020;1420.569946;1427.329956;1410.270020;1419.829956;1419.829956;1500900
10/01/2020;1427.560059;1434.928955;1418.349976;1429.729980;1429.729980;1820700
13/01/2020;1436.130005;1440.520020;1426.020020;1439.229980;1439.229980;1652300
14/01/2020;1439.010010;1441.800049;1428.369995;1430.880005;1430.880005;1558900
15/01/2020;1430.209961;1441.395020;1430.209961;1439.199951;1439.199951;1282700
16/01/2020;1447.439941;1451.989990;1440.920044;1451.699951;1451.699951;1173700
17/01/2020;1462.910034;1481.295044;1458.219971;1480.390015;1480.390015;2396200
21/01/2020;1479.119995;1491.849976;1471.199951;1484.400024;1484.400024;2036700
22/01/2020;1491.000000;1503.213989;1484.930054;1485.949951;1485.949951;1610800
23/01/2020;1487.640015;1495.520020;1482.099976;1486.650024;1486.650024;1351200
24/01/2020;1493.589966;1495.494995;1465.250000;1466.709961;1466.709961;1784600
27/01/2020;1431.000000;1438.069946;1421.199951;1433.900024;1433.900024;1755200
28/01/2020;1443.000000;1456.000000;1432.469971;1452.560059;1452.560059;1577400
29/01/2020;1458.800049;1465.430054;1446.739990;1458.630005;1458.630005;1077700
30/01/2020;1439.959961;1457.280029;1436.400024;1455.839966;1455.839966;1339400
31/01/2020;1468.900024;1470.130005;1428.530029;1434.229980;1434.229980;2417200
03/02/2020;1462.000000;1490.000000;1458.989990;1485.939941;1485.939941;3036800
04/02/2020;1457.069946;1469.500000;1426.300049;1447.069946;1447.069946;3933000
05/02/2020;1462.420044;1463.839966;1430.560059;1448.229980;1448.229980;1986200
06/02/2020;1450.329956;1482.000000;1449.569946;1476.229980;1476.229980;1679400
07/02/2020;1467.300049;1485.839966;1466.349976;1479.229980;1479.229980;1172300
10/02/2020;1474.319946;1509.500000;1474.319946;1508.680054;1508.680054;1419900
11/02/2020;1511.810059;1529.630005;1505.637939;1508.790039;1508.790039;1344600
12/02/2020;1514.479980;1520.694946;1508.109985;1518.270020;1518.270020;1167600
13/02/2020;1512.689941;1527.180054;1504.599976;1514.660034;1514.660034;929500
14/02/2020;1515.599976;1520.739990;1507.339966;1520.739990;1520.739990;1197800
18/02/2020;1515.000000;1531.630005;1512.589966;1519.670044;1519.670044;1120700
19/02/2020;1525.069946;1532.105957;1521.400024;1526.689941;1526.689941;949300
20/02/2020;1522.000000;1529.640015;1506.819946;1518.150024;1518.150024;1096600
21/02/2020;1508.030029;1512.214966;1480.439941;1485.109985;1485.109985;1731700
24/02/2020;1426.109985;1436.969971;1411.390015;1421.589966;1421.589966;2867100
25/02/2020;1433.000000;1438.140015;1382.400024;1388.449951;1388.449951;2478300
26/02/2020;1396.140015;1415.699951;1379.000000;1393.180054;1393.180054;2202400
27/02/2020;1362.060059;1371.703979;1317.170044;1318.089966;1318.089966;2978300
28/02/2020;1277.500000;1341.140015;1271.000000;1339.329956;1339.329956;3789100
02/03/2020;1351.609985;1390.869995;1326.814941;1389.109985;1389.109985;2431500
03/03/2020;1399.420044;1410.150024;1332.000000;1341.390015;1341.390015;2402300
04/03/2020;1359.229980;1388.089966;1343.109985;1386.520020;1386.520020;1913300
05/03/2020;1350.199951;1358.910034;1305.099976;1319.040039;1319.040039;2561300
06/03/2020;1277.060059;1306.219971;1261.050049;1298.410034;1298.410034;2660600
09/03/2020;1205.300049;1254.760010;1200.000000;1215.560059;1215.560059;3365400
10/03/2020;1260.000000;1281.150024;1218.770020;1280.390015;1280.390015;2611400
11/03/2020;1249.699951;1260.959961;1196.069946;1215.410034;1215.410034;2608500
12/03/2020;1126.000000;1193.869995;1113.300049;1114.910034;1114.910034;4226700
13/03/2020;1179.000000;1219.760010;1117.142944;1219.729980;1219.729980;3700100
16/03/2020;1096.000000;1152.266968;1074.439941;1084.329956;1084.329956;4252400
17/03/2020;1093.109985;1130.859985;1056.010010;1119.800049;1119.800049;3861500
18/03/2020;1056.510010;1106.500000;1037.280029;1096.800049;1096.800049;4233400
19/03/2020;1093.050049;1157.969971;1060.108032;1115.290039;1115.290039;3651100
20/03/2020;1135.719971;1143.989990;1065.489990;1072.319946;1072.319946;3601800
23/03/2020;1061.319946;1071.319946;1013.536011;1056.619995;1056.619995;4044100
24/03/2020;1103.770020;1135.000000;1090.619995;1134.459961;1134.459961;3344500
25/03/2020;1126.469971;1148.900024;1086.010010;1102.489990;1102.489990;4081500
26/03/2020;1111.800049;1169.969971;1093.530029;1161.750000;1161.750000;3571700
27/03/2020;1125.670044;1150.670044;1105.910034;1110.709961;1110.709961;3208500
30/03/2020;1125.040039;1151.630005;1096.479980;1146.819946;1146.819946;2574100
31/03/2020;1147.300049;1175.310059;1138.140015;1162.810059;1162.810059;2486400
01/04/2020;1122.000000;1129.689941;1097.449951;1105.619995;1105.619995;2344200
02/04/2020;1098.260010;1126.859985;1096.400024;1120.839966;1120.839966;1964900
03/04/2020;1119.015015;1123.540039;1079.810059;1097.880005;1097.880005;2313400
06/04/2020;1138.000000;1194.660034;1130.939941;1186.920044;1186.920044;2664700
07/04/2020;1221.000000;1225.000000;1182.229980;1186.510010;1186.510010;2387300
08/04/2020;1206.500000;1219.069946;1188.160034;1210.280029;1210.280029;1975100
09/04/2020;1224.079956;1225.569946;1196.734985;1211.449951;1211.449951;2175400
13/04/2020;1209.180054;1220.510010;1187.598022;1217.560059;1217.560059;1739800
14/04/2020;1245.089966;1282.069946;1236.930054;1269.229980;1269.229980;2470400
15/04/2020;1245.609985;1280.459961;1240.400024;1262.469971;1262.469971;1671700
16/04/2020;1274.099976;1279.000000;1242.619995;1263.469971;1263.469971;2518100
17/04/2020;1284.849976;1294.430054;1271.229980;1283.250000;1283.250000;1949000
20/04/2020;1271.000000;1281.599976;1261.369995;1266.609985;1266.609985;1695500
21/04/2020;1247.000000;1254.270020;1209.709961;1216.339966;1216.339966;2153000
22/04/2020;1245.540039;1285.613037;1242.000000;1263.209961;1263.209961;2092400
23/04/2020;1271.550049;1293.310059;1265.670044;1276.310059;1276.310059;1566200
24/04/2020;1261.170044;1280.400024;1249.449951;1279.310059;1279.310059;1639600
27/04/2020;1296.000000;1296.150024;1269.000000;1275.880005;1275.880005;1600600
28/04/2020;1287.930054;1288.050049;1232.199951;1233.670044;1233.670044;2951300
29/04/2020;1341.459961;1359.989990;1325.339966;1341.479980;1341.479980;3793600
30/04/2020;1324.880005;1352.819946;1322.489990;1348.660034;1348.660034;2668900
01/05/2020;1328.500000;1352.069946;1311.000000;1320.609985;1320.609985;2072500
04/05/2020;1308.229980;1327.660034;1299.000000;1326.800049;1326.800049;1504000
05/05/2020;1337.920044;1373.939941;1337.459961;1351.109985;1351.109985;1651500
06/05/2020;1361.689941;1371.119995;1347.290039;1347.300049;1347.300049;1215400
07/05/2020;1365.939941;1377.599976;1355.270020;1372.560059;1372.560059;1397600
08/05/2020;1383.130005;1398.760010;1375.479980;1388.369995;1388.369995;1386900
11/05/2020;1378.280029;1416.530029;1377.151978;1403.260010;1403.260010;1412100
12/05/2020;1407.119995;1415.000000;1374.770020;1375.739990;1375.739990;1390600
13/05/2020;1377.050049;1385.482056;1328.400024;1349.329956;1349.329956;1812600
14/05/2020;1335.020020;1357.420044;1323.910034;1356.130005;1356.130005;1603100
15/05/2020;1350.000000;1374.479980;1339.000000;1373.189941;1373.189941;1707700
18/05/2020;1361.750000;1392.324951;1354.250000;1383.939941;1383.939941;1822400
19/05/2020;1386.996948;1392.000000;1373.484985;1373.484985;1373.484985;1280600
20/05/2020;1389.579956;1410.420044;1387.250000;1406.719971;1406.719971;1655400
21/05/2020;1408.000000;1415.489990;1393.449951;1402.800049;1402.800049;1385000
22/05/2020;1396.709961;1412.760010;1391.829956;1410.420044;1410.420044;1309400
26/05/2020;1437.270020;1441.000000;1412.130005;1417.020020;1417.020020;2060600
27/05/2020;1417.250000;1421.739990;1391.290039;1417.839966;1417.839966;1685800
28/05/2020;1396.859985;1440.839966;1396.000000;1416.729980;1416.729980;1692200
29/05/2020;1416.939941;1432.569946;1413.349976;1428.920044;1428.920044;1820900
01/06/2020;1418.390015;1437.959961;1418.000000;1431.819946;1431.819946;1217100
02/06/2020;1430.550049;1439.609985;1418.829956;1439.219971;1439.219971;1278100
03/06/2020;1438.300049;1446.552002;1429.776978;1436.380005;1436.380005;1256200
04/06/2020;1430.400024;1438.959961;1404.729980;1412.180054;1412.180054;1484300
05/06/2020;1413.170044;1445.050049;1406.000000;1438.390015;1438.390015;1734900
08/06/2020;1422.339966;1447.989990;1422.339966;1446.609985;1446.609985;1404200
09/06/2020;1445.359985;1468.000000;1443.209961;1456.160034;1456.160034;1409200
10/06/2020;1459.540039;1474.259033;1456.270020;1465.849976;1465.849976;1525200
11/06/2020;1442.479980;1454.474976;1402.000000;1403.839966;1403.839966;1991300
12/06/2020;1428.489990;1437.000000;1386.020020;1413.180054;1413.180054;1946400
15/06/2020;1390.800049;1424.800049;1387.920044;1419.849976;1419.849976;1503900
16/06/2020;1445.219971;1455.020020;1425.900024;1442.719971;1442.719971;1709200
17/06/2020;1447.160034;1460.000000;1431.380005;1451.119995;1451.119995;1549600
18/06/2020;1449.160034;1451.410034;1427.010010;1435.959961;1435.959961;1581900
19/06/2020;1444.000000;1447.800049;1421.349976;1431.719971;1431.719971;3157900
22/06/2020;1429.000000;1452.750000;1423.209961;1451.859985;1451.859985;1542400
23/06/2020;1455.640015;1475.941040;1445.239990;1464.410034;1464.410034;1429800
24/06/2020;1461.510010;1475.420044;1429.750000;1431.969971;1431.969971;1756000
25/06/2020;1429.900024;1442.900024;1420.000000;1441.329956;1441.329956;1230500
26/06/2020;1431.390015;1433.449951;1351.989990;1359.900024;1359.900024;4267700
29/06/2020;1358.180054;1395.599976;1347.010010;1394.969971;1394.969971;1810200
30/06/2020;1390.439941;1418.650024;1383.959961;1413.609985;1413.609985;2042400
01/07/2020;1411.099976;1443.000000;1409.819946;1438.040039;1438.040039;1775200
02/07/2020;1446.939941;1482.949951;1446.420044;1464.699951;1464.699951;1859100
06/07/2020;1480.060059;1506.589966;1472.859985;1495.699951;1495.699951;1564000
07/07/2020;1490.000000;1516.800049;1483.550049;1485.180054;1485.180054;1458200
08/07/2020;1494.319946;1505.880005;1485.630005;1496.000000;1496.000000;1249700
09/07/2020;1506.449951;1522.719971;1488.084961;1510.989990;1510.989990;1423300
10/07/2020;1506.150024;1543.829956;1496.540039;1541.739990;1541.739990;1856300
13/07/2020;1550.000000;1577.131958;1505.243042;1511.339966;1511.339966;1846400
14/07/2020;1490.310059;1522.949951;1483.500000;1520.579956;1520.579956;1585000
15/07/2020;1523.130005;1535.329956;1498.000000;1513.640015;1513.640015;1610700
16/07/2020;1500.000000;1518.689941;1486.310059;1518.000000;1518.000000;1519300
17/07/2020;1521.619995;1523.439941;1498.420044;1515.550049;1515.550049;1456700
20/07/2020;1515.260010;1570.290039;1503.599976;1565.719971;1565.719971;1557300
21/07/2020;1586.989990;1586.989990;1554.280029;1558.420044;1558.420044;1216200
22/07/2020;1560.500000;1570.000000;1546.099976;1568.489990;1568.489990;932000
23/07/2020;1566.969971;1571.869995;1507.391968;1515.680054;1515.680054;1627600
24/07/2020;1498.930054;1517.635986;1488.400024;1511.869995;1511.869995;1544000
27/07/2020;1515.599976;1540.969971;1515.209961;1530.199951;1530.199951;1246000
28/07/2020;1525.180054;1526.479980;1497.660034;1500.339966;1500.339966;1702200
29/07/2020;1506.319946;1531.251953;1501.329956;1522.020020;1522.020020;1106500
30/07/2020;1497.000000;1537.869995;1492.219971;1531.449951;1531.449951;1671400
31/07/2020;1505.010010;1508.949951;1454.030029;1482.959961;1482.959961;3439900
03/08/2020;1486.640015;1490.469971;1465.640015;1474.449951;1474.449951;2330200
04/08/2020;1476.569946;1485.560059;1458.650024;1464.969971;1464.969971;1903500
05/08/2020;1469.300049;1482.410034;1463.459961;1473.609985;1473.609985;1979500
06/08/2020;1471.750000;1502.390015;1466.000000;1500.099976;1500.099976;1995400
07/08/2020;1500.000000;1516.844971;1481.640015;1494.489990;1494.489990;1577800
10/08/2020;1487.180054;1504.074951;1473.079956;1496.099976;1496.099976;1289300
11/08/2020;1492.439941;1510.000000;1478.000000;1480.319946;1480.319946;1454400
12/08/2020;1485.579956;1512.385986;1485.250000;1506.619995;1506.619995;1437000
13/08/2020;1510.339966;1537.250000;1508.005005;1518.449951;1518.449951;1455200
14/08/2020;1515.660034;1521.900024;1502.880005;1507.729980;1507.729980;1354800
17/08/2020;1514.670044;1525.609985;1507.969971;1517.979980;1517.979980;1378300
18/08/2020;1526.180054;1562.469971;1523.709961;1558.599976;1558.599976;2027100
19/08/2020;1553.310059;1573.680054;1543.949951;1547.530029;1547.530029;1660600
20/08/2020;1543.449951;1585.869995;1538.199951;1581.750000;1581.750000;1706900
21/08/2020;1577.030029;1597.719971;1568.005005;1580.420044;1580.420044;1446500
24/08/2020;1593.979980;1614.170044;1580.569946;1588.199951;1588.199951;1409900
25/08/2020;1582.069946;1611.619995;1582.069946;1608.219971;1608.219971;2247100
26/08/2020;1608.000000;1659.219971;1603.599976;1652.380005;1652.380005;3993400
27/08/2020;1653.680054;1655.000000;1625.750000;1634.329956;1634.329956;1861600
28/08/2020;1633.489990;1647.170044;1630.750000;1644.410034;1644.410034;1499000
31/08/2020;1647.890015;1647.964966;1630.310059;1634.180054;1634.180054;1823400
01/09/2020;1636.630005;1665.729980;1632.219971;1660.709961;1660.709961;1825300
02/09/2020;1673.775024;1733.180054;1666.329956;1728.280029;1728.280029;2511200
03/09/2020;1709.713989;1709.713989;1615.060059;1641.839966;1641.839966;3107800
04/09/2020;1624.260010;1645.109985;1547.613037;1591.040039;1591.040039;2608600
08/09/2020;1533.510010;1563.864990;1528.010010;1532.390015;1532.390015;2610900
09/09/2020;1557.530029;1569.000000;1536.051025;1556.959961;1556.959961;1774700
10/09/2020;1560.640015;1584.081055;1525.805054;1532.020020;1532.020020;1618600
11/09/2020;1536.000000;1575.199951;1497.359985;1520.719971;1520.719971;1597100
14/09/2020;1539.005005;1564.000000;1515.739990;1519.280029;1519.280029;1696600
15/09/2020;1536.000000;1559.569946;1531.834961;1541.439941;1541.439941;1331100
16/09/2020;1555.540039;1562.000000;1519.819946;1520.900024;1520.900024;1311700
17/09/2020;1496.000000;1508.297974;1470.000000;1495.530029;1495.530029;1879800
18/09/2020;1498.010010;1503.003052;1437.130005;1459.989990;1459.989990;3103900
21/09/2020;1440.060059;1448.359985;1406.550049;1431.160034;1431.160034;2888800
22/09/2020;1450.089966;1469.520020;1434.530029;1465.459961;1465.459961;1583200
23/09/2020;1458.780029;1460.959961;1407.699951;1415.209961;1415.209961;1657400
24/09/2020;1411.030029;1443.708984;1409.849976;1428.290039;1428.290039;1450200
25/09/2020;1432.630005;1450.000000;1413.339966;1444.959961;1444.959961;1323000
28/09/2020;1474.209961;1476.800049;1449.301025;1464.520020;1464.520020;2007900
29/09/2020;1470.390015;1476.662964;1458.805054;1469.329956;1469.329956;978200
30/09/2020;1466.800049;1489.750000;1459.880005;1469.599976;1469.599976;1701600
01/10/2020;1484.270020;1499.040039;1479.209961;1490.089966;1490.089966;1779500
02/10/2020;1462.030029;1483.199951;1450.920044;1458.420044;1458.420044;1284100
05/10/2020;1466.209961;1488.209961;1464.270020;1486.020020;1486.020020;1113300
06/10/2020;1475.579956;1486.760010;1448.589966;1453.439941;1453.439941;1245400
07/10/2020;1464.290039;1468.959961;1436.000000;1460.290039;1460.290039;1746200
08/10/2020;1465.089966;1490.000000;1465.089966;1485.930054;1485.930054;1187800
09/10/2020;1494.699951;1516.520020;1489.449951;1515.219971;1515.219971;1435300
12/10/2020;1543.000000;1593.859985;1532.569946;1569.150024;1569.150024;2482600
13/10/2020;1583.729980;1590.000000;1563.199951;1571.680054;1571.680054;1601000
14/10/2020;1578.589966;1587.683960;1550.530029;1568.079956;1568.079956;1929300
15/10/2020;1547.150024;1575.104980;1545.030029;1559.130005;1559.130005;1540000
16/10/2020;1565.849976;1581.130005;1563.000000;1573.010010;1573.010010;1434700
19/10/2020;1580.459961;1588.150024;1528.000000;1534.609985;1534.609985;1607100
20/10/2020;1527.050049;1577.500000;1525.670044;1555.930054;1555.930054;2241700
21/10/2020;1573.329956;1618.729980;1571.630005;1593.310059;1593.310059;2568300
22/10/2020;1593.050049;1621.989990;1585.000000;1615.329956;1615.329956;1433600
23/10/2020;1626.069946;1642.359985;1620.510010;1641.000000;1641.000000;1375800
26/10/2020;1625.010010;1638.239990;1576.500000;1590.449951;1590.449951;1853300
27/10/2020;1595.670044;1606.844971;1582.780029;1604.260010;1604.260010;1229000
28/10/2020;1559.739990;1561.349976;1514.619995;1516.619995;1516.619995;1834000
29/10/2020;1522.359985;1593.709961;1522.239990;1567.239990;1567.239990;2003100
30/10/2020;1672.109985;1687.000000;1604.459961;1621.010010;1621.010010;4329100
02/11/2020;1628.160034;1660.770020;1616.030029;1626.030029;1626.030029;2535400
03/11/2020;1631.780029;1661.699951;1616.619995;1650.209961;1650.209961;1661700
04/11/2020;1710.280029;1771.364990;1706.030029;1749.130005;1749.130005;3570900
05/11/2020;1781.000000;1793.640015;1750.510010;1763.369995;1763.369995;2065800
06/11/2020;1753.949951;1772.430054;1740.349976;1761.750000;1761.750000;1660900
09/11/2020;1790.900024;1818.060059;1760.020020;1763.000000;1763.000000;2268300
10/11/2020;1731.089966;1763.000000;1717.300049;1740.390015;1740.390015;2636100
11/11/2020;1750.000000;1764.219971;1747.364990;1752.709961;1752.709961;1264000
12/11/2020;1747.630005;1768.270020;1745.599976;1749.839966;1749.839966;1247500
13/11/2020;1757.630005;1781.040039;1744.550049;1777.020020;1777.020020;1499900
16/11/2020;1771.699951;1799.069946;1767.689941;1781.380005;1781.380005;1246800
17/11/2020;1776.939941;1785.000000;1767.000000;1770.150024;1770.150024;1147100
18/11/2020;1765.229980;1773.469971;1746.140015;1746.780029;1746.780029;1173500
19/11/2020;1738.380005;1769.589966;1737.005005;1763.920044;1763.920044;1249900
20/11/2020;1765.209961;1774.000000;1741.859985;1742.189941;1742.189941;2313500
23/11/2020;1749.599976;1753.900024;1717.719971;1734.859985;1734.859985;2161600
24/11/2020;1730.500000;1771.599976;1727.689941;1768.880005;1768.880005;1578000
25/11/2020;1772.890015;1778.540039;1756.540039;1771.430054;1771.430054;1045800
27/11/2020;1773.089966;1804.000000;1772.439941;1793.189941;1793.189941;884900
30/11/2020;1781.183960;1788.064941;1755.000000;1760.739990;1760.739990;1823800
01/12/2020;1774.369995;1824.829956;1769.369995;1798.099976;1798.099976;1739000
02/12/2020;1798.099976;1835.650024;1789.473022;1827.949951;1827.949951;1222000
03/12/2020;1824.010010;1847.199951;1822.650024;1826.770020;1826.770020;1227300
04/12/2020;1824.520020;1833.160034;1816.989990;1827.989990;1827.989990;1378200
07/12/2020;1819.000000;1832.369995;1805.780029;1819.479980;1819.479980;1320900
08/12/2020;1810.099976;1821.900024;1796.204956;1818.550049;1818.550049;1096300
09/12/2020;1812.010010;1834.270020;1767.810059;1784.130005;1784.130005;1507600
10/12/2020;1769.800049;1781.310059;1740.319946;1775.329956;1775.329956;1362800
11/12/2020;1763.060059;1784.449951;1760.000000;1781.770020;1781.770020;1220700
14/12/2020;1775.000000;1797.390015;1757.214966;1760.060059;1760.060059;1600200
15/12/2020;1764.420044;1771.420044;1749.949951;1767.770020;1767.770020;1482300
16/12/2020;1772.880005;1773.000000;1756.079956;1763.000000;1763.000000;1513500
17/12/2020;1768.510010;1771.784058;1738.660034;1747.900024;1747.900024;1624700
18/12/2020;1754.180054;1755.109985;1720.219971;1731.010010;1731.010010;4016400
21/12/2020;1713.510010;1740.849976;1699.000000;1739.369995;1739.369995;1828400
22/12/2020;1734.430054;1737.405029;1712.574951;1723.500000;1723.500000;936700
23/12/2020;1728.109985;1747.989990;1725.040039;1732.380005;1732.380005;1033800
24/12/2020;1735.000000;1746.000000;1729.109985;1738.849976;1738.849976;346800
28/12/2020;1751.635010;1790.728027;1746.334961;1776.089966;1776.089966;1393000
29/12/2020;1787.790039;1792.439941;1756.089966;1758.719971;1758.719971;1299400
30/12/2020;1762.010010;1765.094971;1725.599976;1739.520020;1739.520020;1306100
31/12/2020;1735.420044;1758.930054;1735.420044;1751.880005;1751.880005;1011900
04/01/2021;1757.540039;1760.650024;1707.849976;1728.239990;1728.239990;1901900
05/01/2021;1725.000000;1747.670044;1718.015015;1740.920044;1740.920044;1145300
06/01/2021;1702.630005;1748.000000;1699.000000;1735.290039;1735.290039;2602100
07/01/2021;1740.060059;1788.400024;1737.050049;1787.250000;1787.250000;2265000
08/01/2021;1787.979980;1809.839966;1773.535034;1807.209961;1807.209961;2050600
11/01/2021;1786.069946;1794.314941;1760.520020;1766.719971;1766.719971;1209700
12/01/2021;1753.920044;1778.040039;1725.310059;1746.550049;1746.550049;1357700
13/01/2021;1738.579956;1765.035034;1738.010010;1754.400024;1754.400024;1094100
14/01/2021;1753.619995;1775.010010;1733.400024;1740.180054;1740.180054;1179500
15/01/2021;1738.189941;1756.000000;1721.550049;1736.189941;1736.189941;1328300
19/01/2021;1752.250000;1809.275024;1741.459961;1790.859985;1790.859985;1734600
20/01/2021;1831.459961;1903.709961;1825.530029;1886.900024;1886.900024;2490300
21/01/2021;1898.000000;1934.859985;1887.109985;1891.250000;1891.250000;2063900
22/01/2021;1895.680054;1910.949951;1881.760010;1901.050049;1901.050049;1272100
25/01/2021;1920.670044;1929.579956;1867.530029;1899.400024;1899.400024;1927300
26/01/2021;1888.839966;1925.000000;1884.244995;1917.239990;1917.239990;1313100
27/01/2021;1882.530029;1890.000000;1809.000000;1830.790039;1830.790039;2748300
28/01/2021;1843.939941;1898.829956;1842.640015;1863.109985;1863.109985;1773100
29/01/2021;1846.170044;1857.280029;1810.199951;1835.739990;1835.739990;1612600
01/02/2021;1853.569946;1922.391968;1850.930054;1901.349976;1901.349976;1602200