1454371200,784.500000,789.869995,764.650024,764.650024,764.650024,6348100
1454457600,770.219971,774.500000,720.500000,726.950012,726.950012,6171000
1454544000,722.809998,727.000000,701.859985,708.010010,708.010010,5168700
1454630400,703.869995,703.989990,680.150024,683.570007,683.570007,5105700
1454889600,667.849976,684.030029,663.059998,682.739990,682.739990,4247400
1454976000,672.320007,699.900024,668.770020,678.109985,678.109985,3608900
1455062400,686.859985,701.309998,682.130005,684.119995,684.119995,2638000
1455148800,675.000000,689.349976,668.867981,683.109985,683.109985,3024000
1455235200,690.260010,693.750000,678.599976,682.400024,682.400024,2141400
1455580800,692.979980,698.000000,685.049988,691.000000,691.000000,2520000
1455667200,698.090027,709.750000,691.380005,708.400024,708.400024,2492600
1455753600,710.000000,712.349976,696.030029,697.349976,697.349976,1883200
1455840000,695.030029,703.080994,694.049988,700.909973,700.909973,1589300
1456099200,707.450012,713.239990,702.510010,706.460022,706.460022,1949800
1456185600,701.450012,708.400024,693.580017,695.849976,695.849976,2009300
1456272000,688.919983,700.000000,680.780029,699.559998,699.559998,1963600
1456358400,700.010010,705.979980,690.585022,705.750000,705.750000,1642200
1456444800,708.580017,713.429993,700.859985,705.070007,705.070007,2243500
1456704000,700.320007,710.890015,697.679993,697.770020,697.770020,2481100
1456790400,703.619995,718.809998,699.770020,718.809998,718.809998,2151400
1456876800,719.000000,720.000000,712.000000,718.849976,718.849976,1629000
1456963200,718.679993,719.450012,706.020020,712.419983,712.419983,1958000
1457049600,714.989990,716.489990,706.020020,710.890015,710.890015,1972100
1457308800,706.900024,708.091003,686.900024,695.159973,695.159973,2985100
1457395200,688.590027,703.789978,685.340027,693.969971,693.969971,2076300
1457481600,698.469971,705.679993,694.000000,705.239990,705.239990,1421500
1457568000,708.119995,716.440002,703.359985,712.820007,712.820007,2833500
1457654400,720.000000,726.919983,717.125000,726.820007,726.820007,1970800
1457913600,726.809998,735.500000,725.150024,730.489990,730.489990,1718300
1458000000,726.919983,732.289978,724.770020,728.330017,728.330017,1721000
1458086400,726.369995,737.469971,724.510010,736.090027,736.090027,1624400
1458172800,736.450012,743.070007,736.000000,737.780029,737.780029,1860800
1458259200,741.859985,742.000000,731.830017,737.599976,737.599976,2980700
1458518400,736.500000,742.500000,733.515991,742.090027,742.090027,1836500
1458604800,737.460022,745.000000,737.460022,740.750000,740.750000,1269700
1458691200,742.359985,745.719971,736.150024,738.059998,738.059998,1432100
1458777600,732.010010,737.747009,731.000000,735.299988,735.299988,1594900
1459123200,736.789978,738.989990,732.500000,733.530029,733.530029,1301300
1459209600,734.590027,747.250000,728.760010,744.770020,744.770020,1903800
1459296000,750.099976,757.880005,748.739990,750.530029,750.530029,1782400
1459382400,749.250000,750.849976,740.940002,744.950012,744.950012,1718800
1459468800,738.599976,750.340027,737.000000,749.909973,749.909973,1576700
1459728000,750.059998,752.799988,742.429993,745.289978,745.289978,1134200
1459814400,738.000000,742.799988,735.369995,737.799988,737.799988,1132300
1459900800,735.770020,746.239990,735.559998,745.690002,745.690002,1053700
1459987200,745.369995,747.000000,736.280029,740.280029,740.280029,1453200
1460073600,743.969971,745.450012,735.549988,739.150024,739.150024,1290800
1460332800,743.020020,745.000000,736.049988,736.099976,736.099976,1220100
1460419200,738.000000,743.830017,731.010010,743.090027,743.090027,1353000
1460505600,749.159973,754.380005,744.260986,751.719971,751.719971,1707100
1460592000,754.010010,757.309998,752.705017,753.200012,753.200012,1135300
1460678400,753.979980,761.000000,752.693970,759.000000,759.000000,1809300
1460937600,760.460022,768.049988,757.299988,766.609985,766.609985,1558800
1461024000,769.510010,769.900024,749.330017,753.929993,753.929993,2030500
1461110400,758.000000,758.132019,750.010010,752.669983,752.669983,1529200
1461196800,755.380005,760.450012,749.549988,759.140015,759.140015,3060500
1461283200,726.299988,736.119995,713.609985,718.770020,718.770020,5951900
1461542400,716.099976,723.929993,715.590027,723.150024,723.150024,1959200
1461628800,725.419983,725.765991,703.026001,708.140015,708.140015,2744600
1461715200,707.289978,708.979980,692.364990,705.840027,705.840027,3098600
1461801600,708.260010,714.169983,689.549988,691.020020,691.020020,2867300
1461888000,690.700012,697.619995,689.000000,693.010010,693.010010,2487700
1462147200,697.630005,700.640015,691.000000,698.210022,698.210022,1645300
1462233600,696.869995,697.840027,692.000000,692.359985,692.359985,1543800
1462320000,690.489990,699.750000,689.010010,695.700012,695.700012,1693500
1462406400,697.700012,702.320007,695.719971,701.429993,701.429993,1683500
1462492800,698.380005,711.859985,698.106995,711.119995,711.119995,1829300
1462752000,712.000000,718.710022,710.000000,712.900024,712.900024,1510300
1462838400,716.750000,723.500000,715.719971,723.179993,723.179993,1569600
1462924800,723.409973,724.479980,712.799988,715.289978,715.289978,1692100
1463011200,717.059998,719.250000,709.000000,713.309998,713.309998,1360700
1463097600,711.929993,716.661987,709.260010,710.830017,710.830017,1314500
1463356800,709.130005,718.479980,705.650024,716.489990,716.489990,1317100
1463443200,715.989990,721.520020,704.109985,706.229980,706.229980,2001200
1463529600,703.669983,711.599976,700.630005,706.630005,706.630005,1766800
1463616000,702.359985,706.000000,696.799988,700.320007,700.320007,1670200
1463702400,701.619995,714.580017,700.520020,709.739990,709.739990,1828400
1463961600,706.530029,711.478027,704.179993,704.239990,704.239990,1330700
1464048000,706.859985,720.969971,706.859985,720.090027,720.090027,1929500
1464134400,720.760010,727.510010,719.705017,725.270020,725.270020,1629200
1464220800,722.869995,728.330017,720.280029,724.119995,724.119995,1576300
1464307200,724.010010,733.935974,724.000000,732.659973,732.659973,1975000
1464652800,731.739990,739.729980,731.260010,735.719971,735.719971,2129500
1464739200,734.530029,737.210022,730.659973,734.150024,734.150024,1253600
1464825600,732.500000,733.020020,724.169983,730.400024,730.400024,1341800
1464912000,729.270020,729.489990,720.559998,722.340027,722.340027,1226300
1465171200,724.909973,724.909973,714.609985,716.549988,716.549988,1565300
1465257600,719.840027,721.979980,716.549988,716.650024,716.650024,1336200
1465344000,723.960022,728.570007,720.580017,728.280029,728.280029,1583700
1465430400,722.869995,729.539978,722.335999,728.580017,728.580017,988900
1465516800,719.469971,725.890015,716.429993,719.409973,719.409973,1216400
1465776000,716.510010,725.440002,716.510010,718.359985,718.359985,1258900
1465862400,716.479980,722.469971,713.119995,718.270020,718.270020,1306100
1465948800,719.000000,722.979980,717.309998,718.919983,718.919983,1214500
1466035200,714.909973,716.650024,703.260010,710.359985,710.359985,1982500
1466121600,708.650024,708.820007,688.452026,691.719971,691.719971,3402400
1466380800,698.770020,702.479980,693.409973,693.710022,693.710022,2082500
1466467200,698.400024,702.770020,692.010010,695.940002,695.940002,1465600
1466553600,699.059998,700.859985,693.081970,697.460022,697.460022,1184300
1466640000,697.450012,701.950012,687.000000,701.869995,701.869995,2171400
1466726400,675.169983,689.400024,673.450012,675.219971,675.219971,4449000
1466985600,671.000000,672.299988,663.283997,668.260010,668.260010,2629000
1467072000,678.969971,680.330017,673.000000,680.039978,680.039978,2173800
1467158400,683.000000,687.429016,681.409973,684.109985,684.109985,1932600
1467244800,685.469971,692.320007,683.650024,692.099976,692.099976,1597700
1467331200,692.200012,700.650024,692.130005,699.210022,699.210022,1344700
1467676800,696.059998,696.940002,688.880005,694.950012,694.950012,1462600
1467763200,689.979980,701.679993,689.090027,697.770020,697.770020,1411900
1467849600,698.080017,698.200012,688.215027,695.359985,695.359985,1304200
1467936000,699.500000,705.710022,696.434998,705.630005,705.630005,1575200
1468195200,708.049988,716.510010,707.239990,715.090027,715.090027,1111800
1468281600,719.119995,722.940002,715.909973,720.640015,720.640015,1336900
1468368000,723.619995,724.000000,716.849976,716.979980,716.979980,935900
1468454400,721.580017,722.210022,718.030029,720.950012,720.950012,950200
1468540800,725.729980,725.739990,719.054993,719.849976,719.849976,1279300
1468800000,722.710022,736.130005,721.190002,733.780029,733.780029,1295500
1468886400,729.890015,736.989990,729.000000,736.960022,736.960022,1227500
1468972800,737.330017,742.130005,737.099976,741.190002,741.190002,1289700
1469059200,740.359985,741.690002,735.830994,738.630005,738.630005,1026300
1469145600,741.859985,743.239990,736.559998,742.739990,742.739990,1259800
1469404800,740.669983,742.609985,737.500000,739.770020,739.770020,1032400
1469491200,739.039978,741.690002,734.270020,738.419983,738.419983,1186700
1469577600,738.280029,744.460022,737.000000,741.770020,741.770020,1512500
1469664000,747.039978,748.650024,739.299988,745.909973,745.909973,3530200
1469750400,772.710022,778.549988,766.770020,768.789978,768.789978,3841500
1470009600,761.090027,780.429993,761.090027,772.880005,772.880005,2700500
1470096000,768.690002,775.840027,767.849976,771.070007,771.070007,1784500
1470182400,767.179993,773.210022,766.820007,773.179993,773.179993,1287400
1470268800,772.219971,774.070007,768.794983,771.609985,771.609985,1140300
1470355200,773.780029,783.039978,772.340027,782.219971,782.219971,1801200
1470614400,782.000000,782.630005,778.091003,781.760010,781.760010,1107900
1470700800,781.099976,788.940002,780.570007,784.260010,784.260010,1318900
1470787200,783.750000,786.812012,782.778015,784.679993,784.679993,786400
1470873600,785.000000,789.750000,782.969971,784.849976,784.849976,975100
1470960000,781.500000,783.395020,780.400024,783.219971,783.219971,740500
1471219200,783.750000,787.489990,780.109985,782.440002,782.440002,938200
1471305600,780.299988,780.979980,773.443970,777.140015,777.140015,1028000
1471392000,777.320007,780.809998,773.530029,779.909973,779.909973,924200
1471478400,780.010010,782.859985,777.000000,777.500000,777.500000,719400
1471564800,775.000000,777.099976,773.130005,775.419983,775.419983,861500
1471824000,773.270020,774.539978,770.049988,772.150024,772.150024,951400
1471910400,775.479980,776.440002,771.784973,772.080017,772.080017,928200
1471996800,770.580017,774.500000,767.070007,769.640015,769.640015,1072000
1472083200,767.000000,771.890015,763.184998,769.409973,769.409973,926900
1472169600,769.000000,776.080017,765.849976,769.539978,769.539978,1166700
1472428800,768.739990,774.989990,766.614990,772.150024,772.150024,847600
1472515200,769.330017,774.466003,766.840027,769.090027,769.090027,1130000
1472601600,767.010010,769.090027,765.380005,767.049988,767.049988,1248600
1472688000,769.250000,771.020020,764.299988,768.780029,768.780029,925100
1472774400,773.010010,773.919983,768.409973,771.460022,771.460022,1072700
1473120000,773.450012,782.000000,771.000000,780.080017,780.080017,1442800
1473206400,780.000000,782.729980,776.200012,780.349976,780.349976,893700
1473292800,778.590027,780.349976,773.580017,775.320007,775.320007,1270300
1473379200,770.099976,773.244995,759.659973,759.659973,759.659973,1885500
1473638400,755.130005,770.289978,754.000000,769.020020,769.020020,1311000
1473724800,764.479980,766.219971,755.799988,759.690002,759.690002,1395000
1473811200,759.609985,767.679993,759.109985,762.489990,762.489990,1087400
1473897600,762.890015,773.799988,759.960022,771.760010,771.760010,1305100
1473984000,769.750000,769.750000,764.659973,768.880005,768.880005,2049300
1474243200,772.419983,774.000000,764.440979,765.700012,765.700012,1172800
1474329600,769.000000,773.330017,768.530029,771.409973,771.409973,978600
1474416000,772.659973,777.159973,768.301025,776.219971,776.219971,1167800
1474502400,780.000000,789.849976,778.440002,787.210022,787.210022,1486200
1474588800,786.590027,788.929993,784.150024,786.900024,786.900024,1411900
1474848000,782.739990,782.739990,773.070007,774.210022,774.210022,1533200
1474934400,775.500000,785.989990,774.307983,783.010010,783.010010,1153200
1475020800,777.849976,781.809998,774.969971,781.559998,781.559998,1109800
1475107200,781.440002,785.799988,774.231995,775.010010,775.010010,1314700
1475193600,776.330017,780.940002,774.090027,777.289978,777.289978,1585300
1475452800,774.250000,776.065002,769.500000,772.559998,772.559998,1278800
1475539200,776.030029,778.710022,772.890015,776.429993,776.429993,1201400
1475625600,779.309998,782.070007,775.650024,776.469971,776.469971,1461200
1475712000,779.000000,780.479980,775.539978,776.859985,776.859985,1070700
1475798400,779.659973,779.659973,770.750000,775.080017,775.080017,933200
1476057600,777.710022,789.380005,775.869995,785.940002,785.940002,1174900
1476144000,786.659973,792.280029,780.580017,783.070007,783.070007,1372500
1476230400,783.760010,788.130005,782.059998,786.140015,786.140015,937400
1476316800,781.219971,781.219971,773.000000,778.190002,778.190002,1365300
1476403200,781.650024,783.950012,776.000000,778.530029,778.530029,852500
1476662400,779.799988,785.849976,777.500000,779.960022,779.960022,1093000
1476748800,787.849976,801.609985,785.565002,795.260010,795.260010,2056900
1476835200,798.239990,804.599976,798.030029,801.500000,801.500000,1766800
1476921600,803.299988,803.969971,796.030029,796.969971,796.969971,1757500
1477008000,795.000000,799.500000,794.000000,799.369995,799.369995,1266200
1477267200,804.900024,815.179993,804.820007,813.109985,813.109985,1697500
1477353600,816.679993,816.679993,805.140015,807.669983,807.669983,1576400
1477440000,806.340027,806.979980,796.320007,799.070007,799.070007,1647700
1477526400,801.000000,803.489990,791.500000,795.349976,795.349976,2749200
1477612800,808.349976,815.489990,793.590027,795.369995,795.369995,4269900
1477872000,795.469971,796.859985,784.000000,784.539978,784.539978,2427300
1477958400,782.890015,789.489990,775.539978,783.609985,783.609985,2406400
1478044800,778.200012,781.650024,763.450012,768.700012,768.700012,1872400
1478131200,767.250000,769.950012,759.030029,762.130005,762.130005,1943200
1478217600,750.659973,770.359985,750.560974,762.020020,762.020020,2134800
1478476800,774.500000,785.190002,772.549988,782.520020,782.520020,1585100
1478563200,783.400024,795.632996,780.190002,790.510010,790.510010,1366900
1478649600,779.940002,791.226990,771.669983,785.309998,785.309998,2607100
1478736000,791.169983,791.169983,752.179993,762.559998,762.559998,4745200
1478822400,756.539978,760.780029,750.380005,754.020020,754.020020,2431800
1479081600,755.599976,757.849976,727.539978,736.080017,736.080017,3654400
1479168000,746.969971,764.416016,746.969971,758.489990,758.489990,2384000
1479254400,755.200012,766.359985,750.510010,764.479980,764.479980,1472600
1479340800,766.919983,772.700012,764.229980,771.229980,771.229980,1304000
1479427200,771.369995,775.000000,760.000000,760.539978,760.539978,1547100
1479686400,762.609985,769.700012,760.599976,769.200012,769.200012,1330600
1479772800,772.630005,776.960022,767.000000,768.270020,768.270020,1593100
1479859200,767.729980,768.283020,755.250000,760.989990,760.989990,1478400
1480032000,764.260010,765.000000,760.520020,761.679993,761.679993,587400
1480291200,760.000000,779.530029,759.799988,768.239990,768.239990,2188200
1480377600,771.530029,778.500000,768.239990,770.840027,770.840027,1616600
1480464000,770.070007,772.989990,754.830017,758.039978,758.039978,2392900
1480550400,757.440002,759.849976,737.025024,747.919983,747.919983,3017900
1480636800,744.590027,754.000000,743.099976,750.500000,750.500000,1452500
1480896000,757.710022,763.900024,752.900024,762.520020,762.520020,1394200
1480982400,764.729980,768.830017,757.340027,759.109985,759.109985,1690700
1481068800,761.000000,771.359985,755.799988,771.190002,771.190002,1761000
1481155200,772.479980,778.179993,767.229980,776.419983,776.419983,1488100
1481241600,780.000000,789.429993,779.020996,789.289978,789.289978,1821900
1481500800,785.039978,791.250000,784.354980,789.270020,789.270020,2104100
1481587200,793.900024,804.380005,793.340027,796.099976,796.099976,2145200
1481673600,797.400024,804.000000,794.010010,797.070007,797.070007,1704200
1481760000,797.340027,803.000000,792.919983,797.849976,797.849976,1626500
1481846400,800.400024,800.856018,790.289978,790.799988,790.799988,2443800
1482105600,790.219971,797.659973,786.270020,794.200012,794.200012,1232100
1482192000,796.760010,798.650024,793.270020,796.419983,796.419983,951000
1482278400,795.840027,796.676025,787.099976,794.559998,794.559998,1211300
1482364800,792.359985,793.320007,788.580017,791.260010,791.260010,972200
1482451200,790.900024,792.739990,787.280029,789.909973,789.909973,623400
1482796800,790.679993,797.859985,787.656982,791.549988,791.549988,789100
1482883200,793.700012,794.229980,783.200012,785.049988,785.049988,1153800
1482969600,783.330017,785.929993,778.919983,782.789978,782.789978,744300
1483056000,782.750000,782.780029,770.409973,771.820007,771.820007,1770000
1483401600,778.809998,789.630005,775.799988,786.140015,786.140015,1657300
1483488000,788.359985,791.340027,783.159973,786.900024,786.900024,1073000
1483574400,786.080017,794.479980,785.020020,794.020020,794.020020,1335200
1483660800,795.260010,807.900024,792.203979,806.150024,806.150024,1640200
1483920000,806.400024,809.966003,802.830017,806.650024,806.650024,1274600
1484006400,807.859985,809.130005,803.510010,804.789978,804.789978,1176800
1484092800,805.000000,808.150024,801.369995,807.909973,807.909973,1065900
1484179200,807.140015,807.390015,799.169983,806.359985,806.359985,1353100
1484265600,807.479980,811.223999,806.690002,807.880005,807.880005,1099200
1484611200,807.080017,807.140015,800.369995,804.609985,804.609985,1362100
1484697600,805.809998,806.205017,800.989990,806.070007,806.070007,1294400
1484784000,805.119995,809.479980,801.799988,802.174988,802.174988,919300
1484870400,806.909973,806.909973,801.690002,805.020020,805.020020,1670000
1485129600,807.250000,820.869995,803.739990,819.309998,819.309998,1963600
1485216000,822.299988,825.900024,817.820984,823.869995,823.869995,1474000
1485302400,829.619995,835.770020,825.059998,835.669983,835.669983,1494500
1485388800,837.809998,838.000000,827.010010,832.150024,832.150024,2973900
1485475200,834.710022,841.950012,820.440002,823.309998,823.309998,2965800
1485734400,814.659973,815.840027,799.799988,802.320007,802.320007,3246600
1485820800,796.859985,801.250000,790.520020,796.789978,796.789978,2160600
1485907200,799.679993,801.190002,791.190002,795.695007,795.695007,2029700
1485993600,793.799988,802.700012,792.000000,798.530029,798.530029,1532100
1486080000,802.989990,806.000000,800.369995,801.489990,801.489990,1463400
1486339200,799.700012,801.669983,795.250000,801.340027,801.340027,1184500
1486425600,803.989990,810.500000,801.780029,806.969971,806.969971,1241200
1486512000,807.000000,811.840027,803.190002,808.380005,808.380005,1155300
1486598400,809.510010,810.659973,804.539978,809.559998,809.559998,989700
1486684800,811.700012,815.250000,809.780029,813.669983,813.669983,1135000
1486944000,816.000000,820.958984,815.489990,819.239990,819.239990,1213300
1487030400,819.000000,823.000000,816.000000,820.450012,820.450012,1054700
1487116800,819.359985,823.000000,818.469971,818.979980,818.979980,1313600
1487203200,819.929993,824.400024,818.979980,824.159973,824.159973,1287600
1487289600,823.020020,828.070007,821.655029,828.070007,828.070007,1611000
1487635200,828.659973,833.450012,828.349976,831.659973,831.659973,1262300
1487721600,828.659973,833.250000,828.640015,830.760010,830.760010,982900
1487808000,830.119995,832.460022,822.880005,831.330017,831.330017,1472800
1487894400,827.729980,829.000000,824.200012,828.640015,828.640015,1392200
1488153600,824.549988,830.500000,824.000000,829.280029,829.280029,1101500
1488240000,825.609985,828.539978,820.200012,823.210022,823.210022,2260800
1488326400,828.849976,836.255005,827.260010,835.239990,835.239990,1496500
1488412800,833.849976,834.510010,829.640015,830.630005,830.630005,942500
1488499200,830.559998,831.359985,825.750977,829.080017,829.080017,896400
1488758400,826.950012,828.880005,822.400024,827.780029,827.780029,1109000
1488844800,827.400024,833.409973,826.520020,831.909973,831.909973,1037600
1488931200,833.510010,838.150024,831.789978,835.369995,835.369995,989800
1489017600,836.000000,842.000000,834.210022,838.679993,838.679993,1261500
1489104000,843.280029,844.909973,839.500000,843.250000,843.250000,1704000
1489363200,844.000000,848.684998,843.250000,845.539978,845.539978,1223600
1489449600,843.640015,847.239990,840.799988,845.619995,845.619995,779900
1489536000,847.590027,848.630005,840.770020,847.200012,847.200012,1381500
1489622400,849.030029,850.849976,846.130005,848.780029,848.780029,977600
1489708800,851.609985,853.400024,847.109985,852.119995,852.119995,1712300
1489968000,850.010010,850.219971,845.150024,848.400024,848.400024,1231500
1490054400,851.400024,853.500000,829.020020,830.460022,830.460022,2463500
1490140800,831.909973,835.549988,827.179993,829.590027,829.590027,1401500
1490227200,821.000000,822.570007,812.257019,817.580017,817.580017,3487100
1490313600,820.080017,821.929993,808.890015,814.429993,814.429993,1981000
1490572800,806.950012,821.630005,803.369995,819.510010,819.510010,1894300
1490659200,820.409973,825.989990,814.026978,820.919983,820.919983,1620500
1490745600,825.000000,832.765015,822.380005,831.409973,831.409973,1786300
1490832000,833.500000,833.679993,829.000000,831.500000,831.500000,1055300
1490918400,828.969971,831.640015,827.390015,829.559998,829.559998,1401900
1491177600,829.219971,840.849976,829.219971,838.549988,838.549988,1671500
1491264000,831.359985,835.179993,829.036011,834.570007,834.570007,1045400
1491350400,835.510010,842.450012,830.719971,831.409973,831.409973,1555300
1491436800,832.400024,836.390015,826.460022,827.880005,827.880005,1254400
1491523200,827.960022,828.484985,820.513000,824.669983,824.669983,1057300
1491782400,825.390015,829.349976,823.770020,824.729980,824.729980,978900
1491868800,824.710022,827.427002,817.020020,823.349976,823.349976,1079700
1491955200,821.929993,826.659973,821.020020,824.320007,824.320007,900500
1492041600,822.140015,826.380005,821.440002,823.559998,823.559998,1122400
1492387200,825.010010,837.750000,824.469971,837.169983,837.169983,895000
1492473600,834.219971,838.929993,832.710022,836.820007,836.820007,836700
1492560000,839.789978,842.219971,836.289978,838.210022,838.210022,954200
1492646400,841.440002,845.200012,839.320007,841.650024,841.650024,959000
1492732800,842.880005,843.880005,840.599976,843.190002,843.190002,1323600
1492992000,851.200012,863.450012,849.859985,862.760010,862.760010,1372500
1493078400,865.000000,875.000000,862.809998,872.299988,872.299988,1672000
1493164800,874.229980,876.049988,867.747986,871.729980,871.729980,1237200
1493251200,873.599976,875.400024,870.380005,874.250000,874.250000,2026800
1493337600,910.659973,916.849976,905.770020,905.960022,905.960022,3276300
1493596800,901.940002,915.679993,901.450012,912.570007,912.570007,2116000
1493683200,909.619995,920.770020,909.453003,916.440002,916.440002,1587200
1493769600,914.859985,928.099976,912.543030,927.039978,927.039978,1499500
1493856000,926.070007,935.929993,924.590027,931.659973,931.659973,1422100
1493942400,933.539978,934.900024,925.200012,927.130005,927.130005,1911300
1494201600,926.119995,936.924988,925.260010,934.299988,934.299988,1329800
1494288000,936.950012,937.500000,929.530029,932.169983,932.169983,1581800
1494374400,931.979980,932.000000,925.159973,928.780029,928.780029,1173900
1494460800,925.320007,932.530029,923.030029,930.599976,930.599976,835000
1494547200,931.530029,933.440002,927.849976,932.219971,932.219971,1050600
1494806400,932.950012,938.250000,929.340027,937.080017,937.080017,1108100
1494892800,940.000000,943.109985,937.580017,943.000000,943.000000,969500
1494979200,935.669983,939.333008,918.140015,919.619995,919.619995,2362100
1495065600,921.000000,933.169983,918.750000,930.239990,930.239990,1596900
1495152000,931.469971,937.755005,931.000000,934.010010,934.010010,1393000
1495411200,935.000000,941.882996,935.000000,941.859985,941.859985,1120400
1495497600,947.919983,951.466980,942.575012,948.820007,948.820007,1270800
1495584000,952.979980,955.090027,949.500000,954.960022,954.960022,1024800
1495670400,957.330017,972.629028,955.469971,969.539978,969.539978,1660500
1495756800,969.700012,974.979980,965.030029,971.469971,971.469971,1252000
1496102400,970.309998,976.200012,969.489990,975.880005,975.880005,1466700
1496188800,975.020020,979.270020,960.179993,964.859985,964.859985,2448100
1496275200,968.950012,971.500000,960.010010,966.950012,966.950012,1410500
1496361600,969.460022,975.880005,966.000000,975.599976,975.599976,1751000
1496620800,976.549988,986.909973,975.099976,983.679993,983.679993,1252100
1496707200,983.159973,988.250000,975.140015,976.570007,976.570007,1814600
1496793600,980.000000,983.979980,975.940002,980.940002,980.940002,1453900
1496880000,982.349976,984.570007,977.200012,983.409973,983.409973,1481900
1496966400,984.500000,984.500000,935.630005,949.830017,949.830017,3309400
1497225600,939.559998,949.354980,915.232971,942.900024,942.900024,3763500
1497312000,951.909973,959.979980,944.090027,953.400024,953.400024,2013300
1497398400,959.919983,961.150024,942.250000,950.760010,950.760010,1489700
1497484800,933.969971,943.338989,924.440002,942.309998,942.309998,2133100
1497571200,940.000000,942.039978,931.594971,939.780029,939.780029,3094700
1497830400,949.960022,959.989990,949.049988,957.369995,957.369995,1533300
1497916800,957.520020,961.619995,950.010010,950.630005,950.630005,1126000
1498003200,953.640015,960.099976,950.760010,959.450012,959.450012,1202200
1498089600,958.700012,960.719971,954.549988,957.090027,957.090027,941400
1498176000,956.830017,966.000000,954.200012,965.590027,965.590027,1527900
1498435200,969.900024,973.309998,950.789978,952.270020,952.270020,1598400
1498521600,942.460022,948.289978,926.849976,927.330017,927.330017,2579900
1498608000,929.000000,942.750000,916.000000,940.489990,940.489990,2721400
1498694400,929.919983,931.260010,910.619995,917.789978,917.789978,3299200
1498780800,926.049988,926.049988,908.309998,908.729980,908.729980,2090200
1499040000,912.179993,913.940002,894.789978,898.700012,898.700012,1709800
1499212800,901.760010,914.510010,898.500000,911.710022,911.710022,1813900
1499299200,904.119995,914.943970,899.700012,906.690002,906.690002,1424500
1499385600,908.849976,921.539978,908.849976,918.590027,918.590027,1637800
1499644800,921.770020,930.380005,919.590027,928.799988,928.799988,1192800
1499731200,929.539978,931.429993,922.000000,930.090027,930.090027,1113200
1499817600,938.679993,946.299988,934.469971,943.830017,943.830017,1532100
1499904000,946.289978,954.450012,943.010010,947.159973,947.159973,1294700
1499990400,952.000000,956.909973,948.005005,955.989990,955.989990,1053800
1500249600,957.000000,960.739990,949.241028,953.419983,953.419983,1165500
1500336000,953.000000,968.039978,950.599976,965.400024,965.400024,1154000
1500422400,967.840027,973.039978,964.030029,970.890015,970.890015,1224500
1500508800,975.000000,975.900024,961.510010,968.150024,968.150024,1624500
1500595200,962.250000,973.229980,960.150024,972.919983,972.919983,1711000
1500854400,972.219971,986.200012,970.770020,980.340027,980.340027,3248300
1500940800,953.809998,959.700012,945.400024,950.700012,950.700012,4661000
1501027200,954.679993,955.000000,942.278992,947.799988,947.799988,2088300
1501113600,951.780029,951.780029,920.000000,934.090027,934.090027,3213000
1501200000,929.400024,943.830017,927.500000,941.530029,941.530029,1846400
1501459200,941.890015,943.590027,926.039978,930.500000,930.500000,1970100
1501545600,932.380005,937.447021,929.260010,930.830017,930.830017,1277700
1501632000,928.609985,932.599976,916.679993,930.390015,930.390015,1824400
1501718400,930.340027,932.239990,922.239990,923.650024,923.650024,1202500
1501804800,926.750000,930.307007,923.030029,927.960022,927.960022,1082300
1502064000,929.059998,931.700012,926.500000,929.359985,929.359985,1032200
1502150400,927.090027,935.814026,925.609985,926.789978,926.789978,1061600
1502236800,920.609985,925.979980,917.250000,922.900024,922.900024,1192100
1502323200,917.549988,919.260010,906.130005,907.239990,907.239990,1824000
1502409600,907.969971,917.780029,905.580017,914.390015,914.390015,1206800
1502668800,922.530029,924.668030,918.190002,922.669983,922.669983,1064500
1502755200,924.229980,926.549988,919.820007,922.219971,922.219971,883400
1502841600,925.289978,932.700012,923.445007,926.960022,926.960022,1006700
1502928000,925.780029,926.859985,910.979980,910.979980,910.979980,1277200
1503014400,910.309998,915.275024,907.153992,910.669983,910.669983,1342700
1503273600,910.000000,913.000000,903.400024,906.659973,906.659973,943400
1503360000,912.719971,925.859985,911.474976,924.690002,924.690002,1166700
1503446400,921.929993,929.929993,919.359985,927.000000,927.000000,1090200
1503532800,928.659973,930.840027,915.500000,921.280029,921.280029,1270300
1503619200,923.489990,925.554993,915.500000,915.890015,915.890015,1053400
1503878400,916.000000,919.244995,911.869995,913.809998,913.809998,1086500
1503964800,905.099976,923.330017,905.000000,921.289978,921.289978,1185600
1504051200,920.049988,930.818970,919.650024,929.570007,929.570007,1301200
1504137600,931.760010,941.979980,931.760010,939.330017,939.330017,1582600
1504224000,941.130005,942.479980,935.150024,937.340027,937.340027,947400
1504569600,933.080017,937.000000,921.960022,928.450012,928.450012,1326400
1504656000,930.150024,930.914978,919.270020,927.809998,927.809998,1527700
1504742400,931.729980,936.409973,923.619995,935.950012,935.950012,1212700
1504828800,936.489990,936.989990,924.880005,926.500000,926.500000,1011500
1505088000,934.250000,938.380005,926.919983,929.080017,929.080017,1267000
1505174400,932.590027,933.479980,923.861023,932.070007,932.070007,1134400
1505260800,930.659973,937.250000,929.859985,935.090027,935.090027,1102600
1505347200,931.250000,932.770020,924.000000,925.109985,925.109985,1397600
1505433600,924.659973,926.489990,916.359985,920.289978,920.289978,2505400
1505692800,920.010010,922.080017,910.599976,915.000000,915.000000,1306900
1505779200,917.419983,922.419983,912.549988,921.809998,921.809998,936700
1505865600,922.979980,933.880005,922.000000,931.580017,931.580017,1669800
1505952000,933.000000,936.530029,923.830017,932.450012,932.450012,1290600
1506038400,927.750000,934.729980,926.479980,928.530029,928.530029,1052700
1506297600,925.450012,926.400024,909.700012,920.969971,920.969971,1856800
1506384000,923.719971,930.820007,921.140015,924.859985,924.859985,1666900
1506470400,927.739990,949.900024,927.739990,944.489990,944.489990,2239400
1506556800,941.359985,950.690002,940.549988,949.500000,949.500000,1020300
1506643200,952.000000,959.786011,951.510010,959.109985,959.109985,1581000
1506902400,959.979980,962.539978,947.840027,953.270020,953.270020,1283400
1506988800,954.000000,958.000000,949.140015,957.789978,957.789978,888300
1507075200,957.000000,960.390015,950.690002,951.679993,951.679993,952400
1507161600,955.489990,970.909973,955.179993,969.960022,969.960022,1213800
1507248000,966.700012,979.460022,963.359985,978.890015,978.890015,1173900
1507507200,980.000000,985.424988,976.109985,977.000000,977.000000,891400
1507593600,980.000000,981.570007,966.080017,972.599976,972.599976,968400
1507680000,973.719971,990.710022,972.250000,989.250000,989.250000,1693300
1507766400,987.450012,994.119995,985.000000,987.830017,987.830017,1262400
1507852800,992.000000,997.210022,989.000000,989.679993,989.679993,1169800
1508112000,992.099976,993.906982,984.000000,992.000000,992.000000,910500
1508198400,990.289978,996.440002,988.590027,992.179993,992.179993,1290200
1508284800,991.770020,996.719971,986.974976,992.809998,992.809998,1057600
1508371200,986.000000,988.880005,978.390015,984.450012,984.450012,1313600
1508457600,989.440002,991.000000,984.580017,988.200012,988.200012,1183200
1508716800,989.520020,989.520020,966.119995,968.450012,968.450012,1478400
1508803200,970.000000,972.229980,961.000000,970.539978,970.539978,1212200
1508889600,968.369995,976.090027,960.520020,973.330017,973.330017,1211300
1508976000,980.000000,987.599976,972.200012,972.559998,972.559998,2042100
1509062400,1009.190002,1048.390015,1008.200012,1019.270020,1019.270020,5167700
1509321600,1014.000000,1024.969971,1007.500000,1017.109985,1017.109985,2085100
1509408000,1015.219971,1024.000000,1010.419983,1016.640015,1016.640015,1330700
1509494400,1017.210022,1029.670044,1016.950012,1025.500000,1025.500000,1373400
1509580800,1021.760010,1028.089966,1013.010010,1025.579956,1025.579956,1049000
1509667200,1022.109985,1032.650024,1020.309998,1032.479980,1032.479980,1076400
1509926400,1028.989990,1034.869995,1025.000000,1025.900024,1025.900024,1125200
1510012800,1027.270020,1033.969971,1025.130005,1033.329956,1033.329956,1112300
1510099200,1030.520020,1043.521973,1028.449951,1039.849976,1039.849976,1088700
1510185600,1033.989990,1033.989990,1019.666016,1031.260010,1031.260010,1245200
1510272000,1026.459961,1030.760010,1025.280029,1028.069946,1028.069946,720000
1510531200,1023.419983,1031.579956,1022.570007,1025.750000,1025.750000,885800
1510617600,1022.590027,1026.810059,1014.150024,1026.000000,1026.000000,959200
1510704000,1019.210022,1024.089966,1015.419983,1020.909973,1020.909973,854000
1510790400,1022.520020,1035.920044,1022.520020,1032.500000,1032.500000,1129700
1510876800,1034.010010,1034.420044,1017.750000,1019.090027,1019.090027,1397100
1511136000,1020.260010,1022.609985,1017.500000,1018.380005,1018.380005,953500
1511222400,1023.309998,1035.109985,1022.655029,1034.489990,1034.489990,1097000
1511308800,1035.000000,1039.706055,1031.430054,1035.959961,1035.959961,746300
1511481600,1035.869995,1043.177979,1035.000000,1040.609985,1040.609985,537000
1511740800,1040.000000,1055.459961,1038.439941,1054.209961,1054.209961,1307900
1511827200,1055.089966,1062.375000,1040.000000,1047.410034,1047.410034,1424400
1511913600,1042.680054,1044.079956,1015.650024,1021.659973,1021.659973,2459400
1512000000,1022.369995,1028.489990,1015.000000,1021.409973,1021.409973,1724000
1512086400,1015.799988,1022.489990,1002.020020,1010.169983,1010.169983,1909600
1512345600,1012.659973,1016.099976,995.570007,998.679993,998.679993,1906400
1512432000,995.940002,1020.609985,988.280029,1005.150024,1005.150024,2067300
1512518400,1001.500000,1024.969971,1001.140015,1018.380005,1018.380005,1272000
1512604800,1020.429993,1034.239990,1018.070984,1030.930054,1030.930054,1458200
1512691200,1037.489990,1042.050049,1032.521973,1037.050049,1037.050049,1290800
1512950400,1035.500000,1043.800049,1032.050049,1041.099976,1041.099976,1192800
1513036800,1039.630005,1050.310059,1033.689941,1040.479980,1040.479980,1279500
1513123200,1046.119995,1046.665039,1038.380005,1040.609985,1040.609985,1282700
1513209600,1045.000000,1058.500000,1043.109985,1049.150024,1049.150024,1558700
1513296000,1054.609985,1067.619995,1049.500000,1064.189941,1064.189941,3275900
1513555200,1066.079956,1078.489990,1062.000000,1077.140015,1077.140015,1554600
1513641600,1075.199951,1076.839966,1063.550049,1070.680054,1070.680054,1338700
1513728000,1071.780029,1073.380005,1061.520020,1064.949951,1064.949951,1268600
1513814400,1064.949951,1069.329956,1061.793945,1063.630005,1063.630005,995700
1513900800,1061.109985,1064.199951,1059.439941,1060.119995,1060.119995,755100
1514246400,1058.069946,1060.119995,1050.199951,1056.739990,1056.739990,760600
1514332800,1057.390015,1058.369995,1048.050049,1049.369995,1049.369995,1271900
1514419200,1051.599976,1054.750000,1044.770020,1048.140015,1048.140015,837100
1514505600,1046.719971,1049.699951,1044.900024,1046.400024,1046.400024,887500
1514851200,1048.339966,1066.939941,1045.229980,1065.000000,1065.000000,1237600
1514937600,1064.310059,1086.290039,1063.209961,1082.479980,1082.479980,1430200
1515024000,1088.000000,1093.569946,1084.001953,1086.400024,1086.400024,1004600
1515110400,1094.000000,1104.250000,1092.000000,1102.229980,1102.229980,1279100
1515369600,1102.229980,1111.270020,1101.619995,1106.939941,1106.939941,1047600
1515456000,1109.400024,1110.569946,1101.230957,1106.260010,1106.260010,902500
1515542400,1097.099976,1104.599976,1096.109985,1102.609985,1102.609985,1042800
1515628800,1106.300049,1106.525024,1099.589966,1105.520020,1105.520020,978300
1515715200,1102.410034,1124.290039,1101.150024,1122.260010,1122.260010,1720500
1516060800,1132.510010,1139.910034,1117.832031,1121.760010,1121.760010,1575300
1516147200,1126.219971,1132.599976,1117.010010,1131.979980,1131.979980,1202600
1516233600,1131.410034,1132.510010,1117.500000,1129.790039,1129.790039,1198200
1516320000,1131.829956,1137.859985,1128.300049,1137.510010,1137.510010,1778200
1516579200,1137.489990,1159.880005,1135.109985,1155.810059,1155.810059,1618000
1516665600,1159.849976,1171.626953,1158.750000,1169.969971,1169.969971,1333100
1516752000,1177.329956,1179.859985,1161.050049,1164.239990,1164.239990,1416600
1516838400,1172.530029,1175.939941,1162.760010,1170.369995,1170.369995,1480500
1516924800,1175.079956,1175.839966,1158.109985,1175.839966,1175.839966,2018800
1517184000,1176.479980,1186.890015,1171.979980,1175.579956,1175.579956,1378900
1517270400,1167.829956,1176.520020,1163.520020,1163.689941,1163.689941,1556300
1517356800,1170.569946,1173.000000,1159.130005,1169.939941,1169.939941,1538700
1517443200,1162.609985,1174.000000,1157.520020,1167.699951,1167.699951,2412100
1517529600,1122.000000,1123.069946,1107.277954,1111.900024,1111.900024,4857900
1517788800,1090.599976,1110.000000,1052.030029,1055.800049,1055.800049,3798300
1517875200,1027.180054,1081.709961,1023.137024,1080.599976,1080.599976,3448000
1517961600,1081.540039,1081.780029,1048.260010,1048.579956,1048.579956,2369200
1518048000,1055.410034,1058.619995,1000.659973,1001.520020,1001.520020,2859100
1518134400,1017.250000,1043.969971,992.559998,1037.780029,1037.780029,3505900
1518393600,1048.000000,1061.500000,1040.927979,1051.939941,1051.939941,2057700
1518480000,1045.000000,1058.369995,1044.087036,1052.099976,1052.099976,1265100
1518566400,1048.949951,1071.719971,1046.750000,1069.699951,1069.699951,1555800
1518652800,1079.069946,1091.479004,1064.339966,1089.520020,1089.520020,1843400
1518739200,1088.410034,1104.670044,1088.312988,1094.800049,1094.800049,1679500
1519084800,1090.569946,1113.949951,1088.520020,1102.459961,1102.459961,1423100
1519171200,1106.469971,1133.969971,1106.329956,1111.339966,1111.339966,1512900
1519257600,1116.189941,1122.819946,1102.589966,1106.630005,1106.630005,1317200
1519344000,1112.640015,1127.280029,1104.713989,1126.790039,1126.790039,1261000
1519603200,1127.800049,1143.959961,1126.694946,1143.750000,1143.750000,1559100
1519689600,1141.239990,1144.040039,1118.000000,1118.290039,1118.290039,1774100
1519776000,1123.030029,1127.530029,1103.239990,1104.729980,1104.729980,1882600
1519862400,1107.869995,1110.119995,1067.000977,1069.520020,1069.520020,2515900
1519948800,1053.079956,1081.999023,1048.114990,1078.920044,1078.920044,2271600
1520208000,1075.140015,1097.099976,1069.000000,1090.930054,1090.930054,1202200
1520294400,1099.219971,1101.849976,1089.775024,1095.060059,1095.060059,1532800
1520380800,1089.189941,1112.219971,1085.482056,1109.640015,1109.640015,1292500
1520467200,1115.319946,1127.599976,1112.800049,1126.000000,1126.000000,1355100
1520553600,1136.000000,1160.800049,1132.461060,1160.040039,1160.040039,2128000
1520812800,1163.849976,1177.050049,1157.420044,1164.500000,1164.500000,2172300
1520899200,1170.000000,1176.760010,1133.329956,1138.170044,1138.170044,1907200
1520985600,1145.209961,1158.589966,1141.439941,1149.489990,1149.489990,1291400
1521072000,1149.959961,1161.079956,1134.540039,1149.579956,1149.579956,1395400
1521158400,1154.140015,1155.880005,1131.959961,1135.729980,1135.729980,3092000
1521417600,1120.010010,1121.989990,1089.010010,1099.819946,1099.819946,2805900
1521504000,1099.000000,1105.199951,1083.459961,1097.709961,1097.709961,1831900
1521590400,1092.739990,1106.300049,1085.150024,1090.880005,1090.880005,1878900
1521676800,1081.880005,1082.900024,1045.910034,1049.079956,1049.079956,2667000
1521763200,1047.030029,1063.359985,1021.219971,1021.570007,1021.570007,2156700
1522022400,1046.000000,1055.630005,1008.400024,1053.209961,1053.209961,2665100
1522108800,1063.000000,1064.838989,996.919983,1005.099976,1005.099976,3095300
1522195200,998.000000,1024.229980,980.640015,1004.559998,1004.559998,3369300
1522281600,1011.630005,1043.000000,1002.900024,1031.790039,1031.790039,2726800
1522627200,1022.820007,1034.800049,990.369995,1006.469971,1006.469971,2680400
1522713600,1013.909973,1020.989990,994.070007,1013.409973,1013.409973,2275100
1522800000,993.409973,1028.718018,993.000000,1025.140015,1025.140015,2484700
1522886400,1041.329956,1042.790039,1020.130981,1027.810059,1027.810059,1363000
1522972800,1020.000000,1031.420044,1003.030029,1007.039978,1007.039978,1746400
1523232000,1016.799988,1039.599976,1014.080017,1015.450012,1015.450012,1751600
1523318400,1026.439941,1036.280029,1011.340027,1031.640015,1031.640015,1974500
1523404800,1027.989990,1031.364014,1015.869995,1019.969971,1019.969971,1483900
1523491200,1025.040039,1040.689941,1021.434998,1032.510010,1032.510010,1357000
1523577600,1040.880005,1046.420044,1022.979980,1029.270020,1029.270020,1223000
1523836800,1037.000000,1043.239990,1026.739990,1037.979980,1037.979980,1211200
1523923200,1051.369995,1077.880005,1048.260010,1074.160034,1074.160034,2320300
1524009600,1077.430054,1077.430054,1066.224976,1072.079956,1072.079956,1344100
1524096000,1069.400024,1094.165039,1068.180054,1087.699951,1087.699951,1747700
1524182400,1082.000000,1092.349976,1069.569946,1072.959961,1072.959961,1889700
1524441600,1077.859985,1082.719971,1060.699951,1067.449951,1067.449951,2341300
1524528000,1052.000000,1057.000000,1010.590027,1019.979980,1019.979980,4760300
1524614400,1025.520020,1032.489990,1015.309998,1021.179993,1021.179993,2391100
1524700800,1029.510010,1047.979980,1018.190002,1040.040039,1040.040039,2079500
1524787200,1046.000000,1049.500000,1025.589966,1030.050049,1030.050049,1619800
1525046400,1030.010010,1037.000000,1016.849976,1017.330017,1017.330017,1671300
1525132800,1013.659973,1038.469971,1008.210022,1037.310059,1037.310059,1427900
1525219200,1028.099976,1040.389038,1022.869995,1024.380005,1024.380005,1603100
1525305600,1019.000000,1029.675049,1006.289978,1023.719971,1023.719971,1815100
1525392000,1016.900024,1048.510010,1016.900024,1048.209961,1048.209961,1938700
1525651200,1049.229980,1061.680054,1047.099976,1054.790039,1054.790039,1466100
1525737600,1058.540039,1060.550049,1047.145020,1053.910034,1053.910034,1217700
1525824000,1058.099976,1085.439941,1056.364990,1082.760010,1082.760010,2032800
1525910400,1086.030029,1100.439941,1085.640015,1097.569946,1097.569946,1443000
1525996800,1093.599976,1101.329956,1090.910034,1098.260010,1098.260010,1253700
1526256000,1100.000000,1110.750000,1099.109985,1100.199951,1100.199951,1518100
1526342400,1090.000000,1090.050049,1073.469971,1079.229980,1079.229980,1494900
1526428800,1077.310059,1089.270020,1076.260010,1081.770020,1081.770020,1097300
1526515200,1079.890015,1086.869995,1073.500000,1078.589966,1078.589966,1043800
1526601600,1061.859985,1069.939941,1060.680054,1066.359985,1066.359985,1565200
1526860800,1074.060059,1088.000000,1073.650024,1079.579956,1079.579956,1023200
1526947200,1083.560059,1086.589966,1066.689941,1069.729980,1069.729980,1090000
1527033600,1065.130005,1080.780029,1061.709961,1079.689941,1079.689941,1060700
1527120000,1079.000000,1080.469971,1066.150024,1079.239990,1079.239990,766800
1527206400,1079.020020,1082.560059,1073.775024,1075.660034,1075.660034,899400
1527552000,1064.890015,1073.369995,1055.219971,1060.319946,1060.319946,1865100
1527638400,1063.030029,1069.209961,1056.829956,1067.800049,1067.800049,1138500
1527724800,1067.560059,1097.189941,1067.560059,1084.989990,1084.989990,3088300
1527811200,1099.349976,1120.000000,1098.500000,1119.500000,1119.500000,2421600
1528070400,1122.329956,1141.890015,1122.005005,1139.290039,1139.290039,1889600
1528156800,1140.989990,1145.738037,1133.189941,1139.660034,1139.660034,1678000
1528243200,1142.170044,1143.000000,1125.743042,1136.880005,1136.880005,1698200
1528329600,1131.319946,1135.819946,1116.520020,1123.859985,1123.859985,1520000
1528416000,1118.180054,1126.670044,1112.150024,1120.869995,1120.869995,1290800
1528675200,1118.599976,1137.260010,1118.599976,1129.989990,1129.989990,1079300
1528761600,1131.069946,1139.790039,1130.734985,1139.319946,1139.319946,912000
1528848000,1141.119995,1146.500000,1133.380005,1134.790039,1134.790039,1506400
1528934400,1143.849976,1155.469971,1140.640015,1152.119995,1152.119995,1343400
1529020800,1148.859985,1153.420044,1143.484985,1152.260010,1152.260010,2122500
1529280000,1143.650024,1174.310059,1143.589966,1173.459961,1173.459961,1413700
1529366400,1158.500000,1171.270020,1154.010010,1168.060059,1168.060059,1621000
1529452800,1175.310059,1186.286011,1169.160034,1169.839966,1169.839966,1648500
1529539200,1174.849976,1177.295044,1152.232056,1157.660034,1157.660034,1238100
1529625600,1159.140015,1162.496948,1147.260010,1155.479980,1155.479980,1311000
1529884800,1143.599976,1143.910034,1112.780029,1124.810059,1124.810059,2157300
1529971200,1128.000000,1133.209961,1116.659058,1118.459961,1118.459961,1563200
1530057600,1121.339966,1131.836060,1103.619995,1103.979980,1103.979980,1293900
1530144000,1102.089966,1122.310059,1096.010010,1114.219971,1114.219971,1072400
1530230400,1120.000000,1128.227051,1115.000000,1115.650024,1115.650024,1315100
1530489600,1099.000000,1128.000000,1093.800049,1127.459961,1127.459961,1217300
1530576000,1135.819946,1135.819946,1100.020020,1102.890015,1102.890015,679000
1530748800,1110.530029,1127.500000,1108.479980,1124.270020,1124.270020,1066700
1530835200,1123.579956,1140.930054,1120.737061,1140.170044,1140.170044,996100
1531094400,1148.479980,1154.670044,1143.420044,1154.050049,1154.050049,909000
1531180800,1156.979980,1159.589966,1149.589966,1152.839966,1152.839966,798400
1531267200,1144.589966,1164.290039,1141.000000,1153.900024,1153.900024,1120000
1531353600,1159.890015,1184.410034,1155.935059,1183.479980,1183.479980,1251900
1531440000,1185.000000,1195.416992,1180.000000,1188.819946,1188.819946,1221900
1531699200,1189.390015,1191.000000,1179.280029,1183.859985,1183.859985,1055700
1531785600,1172.219971,1203.040039,1170.599976,1198.800049,1198.800049,1610400
1531872000,1196.560059,1204.500000,1190.339966,1195.880005,1195.880005,1393600
1531958400,1191.000000,1200.000000,1183.319946,1186.959961,1186.959961,1276700
1532044800,1186.959961,1196.859985,1184.219971,1184.910034,1184.910034,1247400
1532304000,1181.010010,1206.489990,1181.000000,1205.500000,1205.500000,2619200
1532390400,1262.589966,1266.000000,1235.560059,1248.079956,1248.079956,3318200
1532476800,1239.130005,1265.859985,1239.130005,1263.699951,1263.699951,2127800
1532563200,1251.000000,1269.770996,1249.020020,1268.329956,1268.329956,2405600
1532649600,1271.000000,1273.890015,1231.000000,1238.500000,1238.500000,2130600
1532908800,1228.010010,1234.916016,1211.469971,1219.739990,1219.739990,1849900
1532995200,1220.010010,1227.588013,1205.599976,1217.260010,1217.260010,1644700
1533081600,1228.000000,1233.469971,1210.209961,1220.010010,1220.010010,1567200
1533168000,1205.900024,1229.880005,1204.790039,1226.150024,1226.150024,1531300
1533254400,1229.619995,1230.000000,1215.060059,1223.709961,1223.709961,1089600
1533513600,1225.000000,1226.088013,1215.796997,1224.770020,1224.770020,1081700
1533600000,1237.000000,1251.170044,1236.170044,1242.219971,1242.219971,1494000
1533686400,1240.469971,1256.500000,1238.008057,1245.609985,1245.609985,1370300
1533772800,1249.900024,1255.541992,1246.010010,1249.099976,1249.099976,848600
1533859200,1243.000000,1245.694946,1232.000000,1237.609985,1237.609985,1108700
1534118400,1236.979980,1249.272949,1233.640991,1235.010010,1235.010010,997300
1534204800,1235.189941,1245.869995,1225.109985,1242.099976,1242.099976,1348100
1534291200,1229.260010,1235.239990,1209.510010,1214.380005,1214.380005,1828800
1534377600,1224.729980,1226.000000,1202.550049,1206.489990,1206.489990,1343200
1534464000,1202.030029,1209.020020,1188.239990,1200.959961,1200.959961,1389600
1534723200,1205.020020,1211.000000,1194.625977,1207.770020,1207.770020,870800
1534809600,1208.000000,1217.260010,1200.354004,1201.619995,1201.619995,1205600
1534896000,1200.000000,1211.839966,1199.000000,1207.329956,1207.329956,887400
1534982400,1207.140015,1221.280029,1204.239990,1205.380005,1205.380005,992600
1535068800,1208.819946,1221.650024,1206.359009,1220.650024,1220.650024,946600
1535328000,1227.599976,1243.089966,1225.715942,1241.819946,1241.819946,1156300
1535414400,1241.290039,1242.545044,1228.689941,1231.150024,1231.150024,1304000
1535500800,1237.449951,1250.660034,1236.359009,1249.300049,1249.300049,1298900
1535587200,1244.229980,1253.635010,1232.589966,1239.119995,1239.119995,1331400
1535673600,1234.979980,1238.660034,1211.285034,1218.189941,1218.189941,1816400
1536019200,1204.270020,1212.989990,1192.500000,1197.000000,1197.000000,1831000
1536105600,1193.800049,1199.010010,1162.000000,1186.479980,1186.479980,2061300
1536192000,1186.300049,1186.300049,1152.000000,1171.439941,1171.439941,1888500
1536278400,1158.670044,1175.260010,1157.214966,1164.829956,1164.829956,1401300
1536537600,1172.189941,1174.540039,1160.109985,1164.640015,1164.640015,1115400
1536624000,1161.630005,1178.680054,1156.239990,1177.359985,1177.359985,1209300
1536710400,1172.719971,1178.609985,1158.359985,1162.819946,1162.819946,1295500
1536796800,1170.739990,1178.609985,1162.849976,1175.329956,1175.329956,1431200
1536883200,1179.099976,1180.425049,1168.329956,1172.530029,1172.530029,944000
1537142400,1170.140015,1177.239990,1154.030029,1156.050049,1156.050049,1306500
1537228800,1157.089966,1176.079956,1157.089966,1161.219971,1161.219971,1203600
1537315200,1164.979980,1173.209961,1154.579956,1171.089966,1171.089966,1191400
1537401600,1179.989990,1189.890015,1173.359985,1186.869995,1186.869995,1225400
1537488000,1192.000000,1192.209961,1166.040039,1166.089966,1166.089966,4405600
1537747200,1157.170044,1178.000000,1146.910034,1173.369995,1173.369995,1271000
1537833600,1176.150024,1186.880005,1168.000000,1184.650024,1184.650024,977700
1537920000,1185.150024,1194.229980,1174.765015,1180.489990,1180.489990,1462300
1538006400,1186.729980,1202.099976,1183.630005,1194.640015,1194.640015,1260800
1538092800,1191.869995,1195.410034,1184.500000,1193.469971,1193.469971,1380600
1538352000,1199.890015,1209.900024,1190.300049,1195.310059,1195.310059,1357600
1538438400,1190.959961,1209.959961,1186.630005,1200.109985,1200.109985,1687900
1538524800,1205.000000,1206.410034,1193.829956,1202.949951,1202.949951,1256200
1538611200,1195.329956,1197.510010,1155.576050,1168.189941,1168.189941,2209500
1538697600,1167.500000,1173.500000,1145.119995,1157.349976,1157.349976,1184300
1538956800,1150.109985,1168.000000,1127.364014,1148.969971,1148.969971,1932400
1539043200,1146.150024,1154.349976,1137.572021,1138.819946,1138.819946,1308700
1539129600,1131.079956,1132.170044,1081.130005,1081.219971,1081.219971,2675700
1539216000,1072.939941,1106.400024,1068.270020,1079.319946,1079.319946,2949000
1539302400,1108.000000,1115.000000,1086.401978,1110.079956,1110.079956,2101300
1539561600,1108.910034,1113.446045,1089.000000,1092.250000,1092.250000,1372400
1539648000,1104.589966,1124.219971,1102.500000,1121.280029,1121.280029,1928500
1539734400,1126.459961,1128.989990,1102.189941,1115.689941,1115.689941,1467200
1539820800,1121.839966,1121.839966,1077.089966,1087.969971,1087.969971,2094500
1539907200,1093.369995,1110.359985,1087.750000,1096.459961,1096.459961,1267600
1540166400,1103.060059,1112.229980,1091.000000,1101.160034,1101.160034,1514200
1540252800,1080.890015,1107.890015,1070.000000,1103.689941,1103.689941,1848700
1540339200,1104.250000,1106.119995,1048.739990,1050.709961,1050.709961,1982400
1540425600,1071.790039,1110.979980,1069.550049,1095.569946,1095.569946,2545800
1540512000,1037.030029,1106.530029,1034.089966,1071.469971,1071.469971,4187600
1540771200,1082.469971,1097.040039,995.830017,1020.080017,1020.080017,3880700
1540857600,1008.460022,1037.489990,1000.750000,1036.209961,1036.209961,3212700
1540944000,1059.810059,1091.939941,1057.000000,1076.770020,1076.770020,2529800
1541030400,1075.800049,1083.974976,1062.459961,1070.000000,1070.000000,1482000
1541116800,1073.729980,1082.974976,1054.609985,1057.790039,1057.790039,1839000
1541376000,1055.000000,1058.469971,1021.239990,1040.089966,1040.089966,2441400
1541462400,1039.479980,1064.344971,1038.069946,1055.810059,1055.810059,1233300
1541548800,1069.000000,1095.459961,1065.900024,1093.390015,1093.390015,2058400
1541635200,1091.380005,1093.270020,1072.204956,1082.400024,1082.400024,1488200
1541721600,1073.989990,1075.560059,1053.109985,1066.150024,1066.150024,1343200
1541980800,1061.390015,1062.119995,1031.000000,1038.630005,1038.630005,1471800
1542067200,1043.290039,1056.604980,1031.150024,1036.050049,1036.050049,1513700
1542153600,1050.000000,1054.563965,1031.000000,1043.660034,1043.660034,1565900
1542240000,1044.709961,1071.849976,1031.780029,1064.709961,1064.709961,1836100
1542326400,1059.410034,1067.000000,1048.979980,1061.489990,1061.489990,1658100
1542585600,1057.199951,1060.790039,1016.260010,1020.000000,1020.000000,1858600
1542672000,1000.000000,1031.739990,996.020020,1025.760010,1025.760010,2449100
1542758400,1036.760010,1048.560059,1033.469971,1037.609985,1037.609985,1534300
1542931200,1030.000000,1037.589966,1022.398987,1023.880005,1023.880005,691500
1543190400,1038.349976,1049.310059,1033.910034,1048.619995,1048.619995,1942800
1543276800,1041.000000,1057.579956,1038.489990,1044.410034,1044.410034,1803200
1543363200,1048.760010,1086.839966,1035.760010,1086.229980,1086.229980,2475400
1543449600,1076.079956,1094.244995,1076.000000,1088.300049,1088.300049,1468900
1543536000,1089.069946,1095.569946,1077.880005,1094.430054,1094.430054,2580200
1543795200,1123.140015,1124.650024,1103.665039,1106.430054,1106.430054,1991200
1543881600,1103.119995,1104.420044,1049.979980,1050.819946,1050.819946,2345200
1544054400,1034.260010,1071.199951,1030.770020,1068.729980,1068.729980,2769200
1544140800,1060.010010,1075.260010,1028.500000,1036.579956,1036.579956,2101200
1544400000,1035.050049,1048.449951,1023.289978,1039.550049,1039.550049,1807700
1544486400,1056.489990,1060.599976,1039.839966,1051.750000,1051.750000,1394700
1544572800,1068.000000,1081.650024,1062.790039,1063.680054,1063.680054,1523800
1544659200,1068.069946,1079.760010,1053.930054,1061.900024,1061.900024,1329800
1544745600,1049.979980,1062.599976,1040.790039,1042.099976,1042.099976,1686600
1545004800,1037.510010,1053.150024,1007.900024,1016.530029,1016.530029,2385400
1545091200,1026.089966,1049.479980,1021.440002,1028.709961,1028.709961,2192500
1545177600,1033.989990,1062.000000,1008.049988,1023.010010,1023.010010,2479300
1545264000,1018.130005,1034.219971,996.359985,1009.409973,1009.409973,2673500
1545350400,1015.299988,1024.020020,973.690002,979.539978,979.539978,4596000
1545609600,973.900024,1003.539978,970.109985,976.219971,976.219971,1590300
1545782400,989.010010,1040.000000,983.000000,1039.459961,1039.459961,2373300
1545868800,1017.150024,1043.890015,997.000000,1043.880005,1043.880005,2109800
1545955200,1049.619995,1055.560059,1033.099976,1037.079956,1037.079956,1414800
1546214400,1050.959961,1052.699951,1023.590027,1035.609985,1035.609985,1493300
1546387200,1016.570007,1052.319946,1015.710022,1045.849976,1045.849976,1532600
1546473600,1041.000000,1056.979980,1014.070007,1016.059998,1016.059998,1841100
1546560000,1032.589966,1070.839966,1027.417969,1070.709961,1070.709961,2093900
1546819200,1071.500000,1074.000000,1054.760010,1068.390015,1068.390015,1981900
1546905600,1076.109985,1084.560059,1060.530029,1076.280029,1076.280029,1764900
1546992000,1081.650024,1082.630005,1066.400024,1074.660034,1074.660034,1199300
1547078400,1067.660034,1071.150024,1057.709961,1070.329956,1070.329956,1456400
1547164800,1063.180054,1063.775024,1048.479980,1057.189941,1057.189941,1520800
1547424000,1046.920044,1051.530029,1041.255005,1044.689941,1044.689941,1144300
1547510400,1050.170044,1080.050049,1047.339966,1077.150024,1077.150024,1463600
1547596800,1080.000000,1092.375000,1079.339966,1080.969971,1080.969971,1331800
1547683200,1079.469971,1091.800049,1073.500000,1089.900024,1089.900024,1242700
1547769600,1100.000000,1108.352051,1090.900024,1098.260010,1098.260010,1955600
1548115200,1088.000000,1091.510010,1063.469971,1070.520020,1070.520020,1613500
1548201600,1077.349976,1084.930054,1059.750000,1075.569946,1075.569946,967000
1548288000,1076.479980,1079.474976,1060.699951,1073.900024,1073.900024,1361300
1548374400,1085.000000,1094.000000,1081.819946,1090.989990,1090.989990,1119100
1548633600,1080.109985,1083.000000,1063.800049,1070.079956,1070.079956,1284300
1548720000,1072.680054,1075.150024,1055.864990,1060.619995,1060.619995,1021800
1548806400,1068.430054,1091.000000,1066.849976,1089.060059,1089.060059,1279800
1548892800,1103.000000,1117.329956,1095.410034,1116.369995,1116.369995,1538300
1548979200,1112.400024,1125.000000,1104.890015,1110.750000,1110.750000,1462200
1549238400,1112.660034,1132.800049,1109.020020,1132.800049,1132.800049,2576500
1549324800,1124.839966,1146.849976,1117.248047,1145.989990,1145.989990,3552200
1549411200,1139.569946,1147.000000,1112.770020,1115.229980,1115.229980,2105600
1549497600,1104.160034,1104.839966,1086.000000,1098.709961,1098.709961,2044800
1549584000,1087.000000,1098.910034,1086.550049,1095.060059,1095.060059,1075800
1549843200,1096.949951,1105.944946,1092.859985,1095.010010,1095.010010,1065200
1549929600,1106.800049,1125.295044,1105.849976,1121.369995,1121.369995,1609100
1550016000,1124.989990,1134.729980,1118.500000,1120.160034,1120.160034,1049800
1550102400,1118.050049,1128.229980,1110.444946,1121.670044,1121.670044,947600
1550188800,1130.079956,1131.670044,1110.650024,1113.650024,1113.650024,1449800
1550534400,1110.000000,1121.890015,1110.000000,1118.560059,1118.560059,1046400
1550620800,1119.989990,1123.410034,1105.280029,1113.800049,1113.800049,1087800
1550707200,1110.839966,1111.939941,1092.520020,1096.969971,1096.969971,1415100
1550793600,1100.900024,1111.239990,1095.599976,1110.369995,1110.369995,1049500
1551052800,1116.000000,1118.540039,1107.270020,1109.400024,1109.400024,1413100
1551139200,1105.750000,1119.510010,1099.920044,1115.130005,1115.130005,1471300
1551225600,1106.949951,1117.979980,1101.000000,1116.050049,1116.050049,968400
1551312000,1111.300049,1127.650024,1111.010010,1119.920044,1119.920044,1542500
1551398400,1124.900024,1142.969971,1124.750000,1140.989990,1140.989990,1450300
1551657600,1146.989990,1158.280029,1130.689941,1147.800049,1147.800049,1446000
1551744000,1150.060059,1169.609985,1146.194946,1162.030029,1162.030029,1443200
1551830400,1162.489990,1167.566040,1155.489990,1157.859985,1157.859985,1099300
1551916800,1155.719971,1156.755005,1134.910034,1143.300049,1143.300049,1166600
1552003200,1126.729980,1147.079956,1123.300049,1142.319946,1142.319946,1212400
1552262400,1144.449951,1176.189941,1144.449951,1175.760010,1175.760010,1719200
1552348800,1178.260010,1200.000000,1178.260010,1193.199951,1193.199951,2013100
1552435200,1200.645020,1200.930054,1191.939941,1193.319946,1193.319946,1435900
1552521600,1194.510010,1197.880005,1184.479980,1185.550049,1185.550049,1172800
1552608000,1193.380005,1196.569946,1182.609985,1184.459961,1184.459961,2461800
1552867200,1183.300049,1190.000000,1177.421021,1184.260010,1184.260010,1292600
1552953600,1188.810059,1200.000000,1185.869995,1198.849976,1198.849976,1520700
1553040000,1197.349976,1227.140015,1196.170044,1223.969971,1223.969971,2227400
1553126400,1216.000000,1231.790039,1213.150024,1231.540039,1231.540039,1204000
1553212800,1226.319946,1230.000000,1202.824951,1205.500000,1205.500000,1714200
1553472000,1196.930054,1206.397949,1187.040039,1193.000000,1193.000000,1496800
1553558400,1198.530029,1202.829956,1176.719971,1184.619995,1184.619995,1901200
1553644800,1185.500000,1187.558960,1159.369995,1173.020020,1173.020020,1400200
1553731200,1171.540039,1171.564941,1159.431030,1168.489990,1168.489990,961700
1553817600,1174.900024,1178.989990,1162.880005,1173.310059,1173.310059,1269900
1554076800,1184.099976,1196.660034,1182.000000,1194.430054,1194.430054,1252500
1554163200,1195.319946,1201.349976,1185.709961,1200.489990,1200.489990,827900
1554249600,1207.479980,1216.300049,1200.500000,1205.920044,1205.920044,1014300
1554336000,1205.939941,1215.670044,1204.130005,1215.000000,1215.000000,950000
1554422400,1214.989990,1216.219971,1205.030029,1207.150024,1207.150024,907200
1554681600,1207.890015,1208.689941,1199.859985,1203.839966,1203.839966,860200
1554768000,1196.000000,1202.290039,1193.079956,1197.250000,1197.250000,876400
1554854400,1200.680054,1203.785034,1196.435059,1202.160034,1202.160034,724600
1554940800,1203.959961,1207.959961,1200.130005,1204.619995,1204.619995,710200
1555027200,1210.000000,1218.349976,1208.109985,1217.869995,1217.869995,933400
1555286400,1218.000000,1224.199951,1209.109985,1221.099976,1221.099976,1187400
1555372800,1225.000000,1230.819946,1220.119995,1227.130005,1227.130005,856300
1555459200,1233.000000,1240.560059,1227.819946,1236.339966,1236.339966,1221900
1555545600,1239.180054,1242.000000,1234.609985,1236.369995,1236.369995,1331800
1555891200,1235.989990,1249.089966,1228.310059,1248.839966,1248.839966,807300
1555977600,1250.689941,1269.000000,1246.380005,1264.550049,1264.550049,1319900
1556064000,1264.119995,1268.010010,1255.000000,1256.000000,1256.000000,1018800
1556150400,1264.770020,1267.407959,1252.030029,1263.449951,1263.449951,1107300
1556236800,1269.000000,1273.069946,1260.319946,1272.180054,1272.180054,1241400
1556496000,1274.000000,1289.270020,1266.295044,1287.579956,1287.579956,2499400
1556582400,1185.000000,1192.810059,1175.000000,1188.479980,1188.479980,6207000
1556668800,1188.050049,1188.050049,1167.180054,1168.079956,1168.079956,2639200
1556755200,1167.760010,1174.189941,1155.001953,1162.609985,1162.609985,1944800
1556841600,1173.650024,1186.800049,1169.000000,1185.400024,1185.400024,1980700
1557100800,1166.260010,1190.849976,1166.260010,1189.390015,1189.390015,1563900
1557187200,1180.469971,1190.439941,1161.040039,1174.099976,1174.099976,1551400
1557273600,1172.010010,1180.423950,1165.739990,1166.270020,1166.270020,1309300
1557360000,1159.030029,1169.660034,1150.849976,1162.380005,1162.380005,1185700
1557446400,1163.589966,1172.599976,1142.500000,1164.270020,1164.270020,1314500
1557705600,1141.959961,1147.939941,1122.109985,1132.030029,1132.030029,1860600
1557792000,1137.209961,1140.420044,1119.550049,1120.439941,1120.439941,1836600
1557878400,1117.869995,1171.329956,1116.666016,1164.209961,1164.209961,2289300
1557964800,1164.510010,1188.160034,1162.839966,1178.979980,1178.979980,1531400
1558051200,1168.469971,1180.150024,1160.010010,1162.300049,1162.300049,1208600
1558310400,1144.500000,1146.796997,1131.442993,1138.849976,1138.849976,1353300
1558396800,1148.489990,1152.708008,1137.939941,1149.630005,1149.630005,1159800
1558483200,1146.750000,1158.520020,1145.890015,1151.420044,1151.420044,914500
1558569600,1140.500000,1145.973022,1129.223999,1140.770020,1140.770020,1198900
1558656000,1147.359985,1149.765015,1131.660034,1133.469971,1133.469971,1112000
1559001600,1134.000000,1151.587036,1133.119995,1134.150024,1134.150024,1365000
1559088000,1127.520020,1129.099976,1108.219971,1116.459961,1116.459961,1538200
1559174400,1115.540039,1123.130005,1112.119995,1117.949951,1117.949951,951900
1559260800,1101.290039,1109.599976,1100.180054,1103.630005,1103.630005,1507800
1559520000,1065.500000,1065.500000,1025.000000,1036.229980,1036.229980,5130600
1559606400,1042.900024,1056.050049,1033.689941,1053.050049,1053.050049,2833500
1559692800,1051.540039,1053.550049,1030.489990,1042.219971,1042.219971,2168400
1559779200,1044.989990,1047.489990,1033.699951,1044.339966,1044.339966,1703200
1559865600,1050.630005,1070.920044,1048.400024,1066.040039,1066.040039,1802400
1560124800,1072.979980,1092.660034,1072.322021,1080.380005,1080.380005,1464200
1560211200,1093.979980,1101.989990,1077.603027,1078.719971,1078.719971,1436700
1560297600,1078.000000,1080.930054,1067.540039,1077.030029,1077.030029,1061000
1560384000,1083.640015,1094.170044,1080.150024,1088.770020,1088.770020,1057700
1560470400,1086.420044,1092.689941,1080.171997,1085.349976,1085.349976,1111500
1560729600,1086.280029,1099.180054,1086.280029,1092.500000,1092.500000,941600
1560816000,1109.689941,1116.390015,1098.989990,1103.599976,1103.599976,1386700
1560902400,1105.599976,1107.000000,1093.479980,1102.329956,1102.329956,1338800
1560988800,1119.989990,1120.119995,1104.739990,1111.420044,1111.420044,1262000
1561075200,1109.239990,1124.109985,1108.079956,1121.880005,1121.880005,1947600
1561334400,1119.609985,1122.000000,1111.010010,1115.520020,1115.520020,1395600
1561420800,1112.660034,1114.349976,1083.800049,1086.349976,1086.349976,1546900
1561507200,1086.500000,1092.969971,1072.239990,1079.800049,1079.800049,1810900
1561593600,1084.000000,1087.099976,1075.290039,1076.010010,1076.010010,1004300
1561680000,1076.390015,1081.000000,1073.369995,1080.910034,1080.910034,1693200
1561939200,1098.000000,1107.579956,1093.703003,1097.949951,1097.949951,1436300
1562025600,1102.239990,1111.770020,1098.170044,1111.250000,1111.250000,991600
1562112000,1117.410034,1126.760010,1113.859985,1121.579956,1121.579956,767000
1562284800,1117.800049,1132.880005,1116.140015,1131.589966,1131.589966,1264300
1562544000,1125.170044,1125.979980,1111.209961,1116.349976,1116.349976,1236400
1562630400,1111.800049,1128.025024,1107.170044,1124.829956,1124.829956,1330400
1562716800,1131.219971,1142.050049,1130.969971,1140.479980,1140.479980,1209500
1562803200,1143.250000,1153.069946,1139.579956,1144.209961,1144.209961,1195500
1562889600,1143.989990,1147.339966,1138.780029,1144.900024,1144.900024,864000
1563148800,1146.859985,1150.819946,1139.400024,1150.339966,1150.339966,903800
1563235200,1146.000000,1158.579956,1145.000000,1153.579956,1153.579956,1238800
1563321600,1150.969971,1158.359985,1145.770020,1146.349976,1146.349976,1170000
1563408000,1141.739990,1147.604980,1132.729980,1146.329956,1146.329956,1290700
1563494400,1148.189941,1151.140015,1129.619995,1130.099976,1130.099976,1647200
1563753600,1133.449951,1139.250000,1124.239990,1138.069946,1138.069946,1301500
1563840000,1144.000000,1146.900024,1131.800049,1146.209961,1146.209961,1093700
1563926400,1131.900024,1144.000000,1126.989990,1137.810059,1137.810059,1589800
1564012800,1137.819946,1141.699951,1120.920044,1132.119995,1132.119995,2209800
1564099200,1224.040039,1265.550049,1224.000000,1250.410034,1250.410034,4805800
1564358400,1241.050049,1247.369995,1228.229980,1239.410034,1239.410034,2223700
1564444800,1225.410034,1234.869995,1223.300049,1225.140015,1225.140015,1453300
1564531200,1223.000000,1234.000000,1207.764038,1216.680054,1216.680054,1725500
1564617600,1214.030029,1234.109985,1205.719971,1209.010010,1209.010010,1698500
1564704000,1200.739990,1206.900024,1188.939941,1193.989990,1193.989990,1645100
1564963200,1170.040039,1175.239990,1140.140015,1152.319946,1152.319946,2597500
1565049600,1163.310059,1179.959961,1160.000000,1169.949951,1169.949951,1709400
1565136000,1156.000000,1178.444946,1149.624023,1173.989990,1173.989990,1444300
1565222400,1182.829956,1205.010010,1173.020020,1204.800049,1204.800049,1468000
1565308800,1197.989990,1203.880005,1183.603027,1188.010010,1188.010010,1065700
1565568000,1179.209961,1184.959961,1167.671997,1174.709961,1174.709961,1003000
1565654400,1171.459961,1204.780029,1171.459961,1197.270020,1197.270020,1294400
1565740800,1176.310059,1182.300049,1160.540039,1164.290039,1164.290039,1578700
1565827200,1163.500000,1175.839966,1162.109985,1167.260010,1167.260010,1218700
1565913600,1179.550049,1182.719971,1171.810059,1177.599976,1177.599976,1313300
1566172800,1190.089966,1206.989990,1190.089966,1198.449951,1198.449951,1231600
1566259200,1195.250000,1196.060059,1182.109985,1182.689941,1182.689941,915500
1566345600,1193.150024,1199.000000,1187.430054,1191.250000,1191.250000,740700
1566432000,1194.069946,1198.011963,1178.579956,1189.530029,1189.530029,947500
1566518400,1181.989990,1194.079956,1147.750000,1151.290039,1151.290039,1687000
1566777600,1157.260010,1169.469971,1152.959961,1168.890015,1168.890015,1226100
1566864000,1180.530029,1182.400024,1161.449951,1167.839966,1167.839966,1077200
1566950400,1161.709961,1176.420044,1157.300049,1171.020020,1171.020020,802000
1567036800,1181.119995,1196.060059,1181.119995,1192.849976,1192.849976,1088400
1567123200,1198.500000,1198.500000,1183.802979,1188.099976,1188.099976,1129800
1567468800,1177.030029,1186.890015,1163.199951,1168.390015,1168.390015,1479900
1567555200,1176.709961,1183.479980,1171.000000,1181.410034,1181.410034,1068900
1567641600,1191.530029,1213.040039,1191.530029,1211.380005,1211.380005,1408100
1567728000,1208.130005,1212.015015,1202.521973,1204.930054,1204.930054,1072100
1567987200,1204.000000,1220.000000,1192.619995,1204.410034,1204.410034,1471900
1568073600,1195.150024,1210.000000,1194.579956,1206.000000,1206.000000,1260100
1568160000,1203.410034,1222.599976,1202.199951,1220.170044,1220.170044,1307000
1568246400,1224.300049,1241.859985,1223.020020,1234.250000,1234.250000,1725900
1568332800,1231.349976,1240.880005,1227.010010,1239.560059,1239.560059,1301400
1568592000,1229.520020,1239.560059,1225.609985,1231.300049,1231.300049,1053300
1568678400,1230.400024,1235.000000,1223.689941,1229.150024,1229.150024,955100
1568764800,1227.510010,1235.609985,1216.530029,1232.410034,1232.410034,1135100
1568851200,1232.060059,1244.439941,1232.020020,1238.709961,1238.709961,996000
1568937600,1233.119995,1243.319946,1223.079956,1229.930054,1229.930054,2270000
1569196800,1226.000000,1239.089966,1224.170044,1234.030029,1234.030029,1062400
1569283200,1240.000000,1246.739990,1210.680054,1218.760010,1218.760010,1583200
1569369600,1215.819946,1248.300049,1210.089966,1246.520020,1246.520020,1453000
1569456000,1241.959961,1245.000000,1232.267944,1241.390015,1241.390015,1538000
1569542400,1243.010010,1244.020020,1214.449951,1225.089966,1225.089966,1353900
1569801600,1220.969971,1226.000000,1212.300049,1219.000000,1219.000000,1404100
1569888000,1219.000000,1231.229980,1203.579956,1205.099976,1205.099976,1273500
1569974400,1196.979980,1196.979980,1171.290039,1176.630005,1176.630005,1615100
1570060800,1180.000000,1189.060059,1162.430054,1187.829956,1187.829956,1621200
1570147200,1191.890015,1211.439941,1189.170044,1209.000000,1209.000000,1162400
1570406400,1204.400024,1218.203979,1203.750000,1207.680054,1207.680054,842900
1570492800,1197.589966,1206.079956,1189.010010,1189.130005,1189.130005,1039300
1570579200,1199.349976,1208.349976,1197.630005,1202.310059,1202.310059,867700
1570665600,1198.579956,1215.000000,1197.339966,1208.670044,1208.670044,846600
1570752000,1222.209961,1228.390015,1213.739990,1215.449951,1215.449951,1272700
1571011200,1212.339966,1226.329956,1211.760010,1217.140015,1217.140015,867500
1571097600,1220.400024,1247.329956,1220.400024,1243.010010,1243.010010,1381700
1571184000,1241.170044,1254.739990,1238.449951,1243.640015,1243.640015,1094600
1571270400,1250.930054,1263.324951,1249.939941,1253.069946,1253.069946,952400
1571356800,1253.459961,1258.890015,1241.079956,1245.489990,1245.489990,1352800
1571616000,1252.260010,1254.629028,1240.599976,1246.150024,1246.150024,1027200
1571702400,1247.849976,1250.599976,1241.380005,1242.800049,1242.800049,1023800
1571788800,1242.359985,1259.890015,1242.359985,1259.130005,1259.130005,911500
1571875200,1260.900024,1264.000000,1253.714966,1260.989990,1260.989990,1028100
1571961600,1251.030029,1269.599976,1250.010010,1265.130005,1265.130005,1213100
1572220800,1275.449951,1299.310059,1272.540039,1290.000000,1290.000000,2613200
1572307200,1276.229980,1281.589966,1257.212036,1262.619995,1262.619995,1886400
1572393600,1252.969971,1269.359985,1252.000000,1261.290039,1261.290039,1408900
1572480000,1261.280029,1267.670044,1250.843018,1260.109985,1260.109985,1455700
1572566400,1265.000000,1274.619995,1260.500000,1273.739990,1273.739990,1670100
1572825600,1276.449951,1294.130005,1276.354980,1291.369995,1291.369995,1501000
1572912000,1292.890015,1298.930054,1291.229004,1292.030029,1292.030029,1282700
1572998400,1289.459961,1293.729980,1282.500000,1291.800049,1291.800049,1153000
1573084800,1294.280029,1323.739990,1294.244995,1308.859985,1308.859985,2030000
1573171200,1305.280029,1318.000000,1304.364990,1311.369995,1311.369995,1251400
1573430400,1303.180054,1306.425049,1297.410034,1299.189941,1299.189941,1011900
1573516800,1300.000000,1310.000000,1295.770020,1298.800049,1298.800049,1085900
1573603200,1294.069946,1304.300049,1293.510010,1298.000000,1298.000000,826700
1573689600,1297.500000,1317.000000,1295.650024,1311.459961,1311.459961,1193500
1573776000,1318.939941,1334.880005,1314.280029,1334.869995,1334.869995,1782600
1574035200,1332.219971,1335.529053,1317.500000,1320.699951,1320.699951,1487400
1574121600,1327.699951,1327.699951,1312.800049,1315.459961,1315.459961,1269200
1574208000,1311.739990,1315.000000,1291.150024,1303.050049,1303.050049,1308600
1574294400,1301.479980,1312.589966,1293.000000,1301.349976,1301.349976,995500
1574380800,1305.619995,1308.729980,1291.410034,1295.339966,1295.339966,1385700
1574640000,1299.180054,1311.310059,1298.130005,1306.689941,1306.689941,1036200
1574726400,1309.859985,1314.800049,1305.089966,1313.550049,1313.550049,1069700
1574812800,1315.000000,1318.359985,1309.630005,1312.989990,1312.989990,995600
1574985600,1307.119995,1310.204956,1303.969971,1304.959961,1304.959961,587000
1575244800,1301.000000,1305.829956,1281.000000,1289.920044,1289.920044,1510900
1575331200,1279.569946,1298.461060,1279.000000,1295.280029,1295.280029,1143800
1575417600,1307.010010,1325.800049,1304.869995,1320.540039,1320.540039,1537500
1575504000,1328.000000,1329.358032,1316.439941,1328.130005,1328.130005,1212700
1575590400,1333.439941,1344.000000,1333.439941,1340.619995,1340.619995,1314800
1575849600,1338.040039,1359.449951,1337.839966,1343.560059,1343.560059,1354300
1575936000,1341.500000,1349.974976,1336.040039,1344.660034,1344.660034,1094100
1576022400,1350.839966,1351.199951,1342.670044,1345.020020,1345.020020,850400
1576108800,1345.939941,1355.775024,1340.500000,1350.270020,1350.270020,1281000
1576195200,1347.949951,1353.093018,1343.869995,1347.829956,1347.829956,1549600
1576454400,1356.500000,1364.680054,1352.670044,1361.170044,1361.170044,1397300
1576540800,1362.890015,1365.000000,1351.322998,1355.119995,1355.119995,1854000
1576627200,1356.599976,1360.469971,1351.000000,1352.619995,1352.619995,1522600
1576713600,1351.819946,1358.099976,1348.984985,1356.040039,1356.040039,1469900
1576800000,1363.349976,1363.640015,1349.000000,1349.589966,1349.589966,3315000
1577059200,1355.869995,1359.800049,1346.510010,1348.839966,1348.839966,883100
1577145600,1348.500000,1350.260010,1342.780029,1343.560059,1343.560059,347500
1577318400,1346.170044,1361.327026,1344.469971,1360.400024,1360.400024,667500
1577404800,1362.989990,1364.530029,1349.310059,1351.890015,1351.890015,1038400
1577664000,1350.000000,1353.000000,1334.020020,1336.140015,1336.140015,1050900
1577750400,1330.109985,1338.000000,1329.084961,1337.020020,1337.020020,961800
1577923200,1341.550049,1368.140015,1341.550049,1367.369995,1367.369995,1406600
1578009600,1347.859985,1372.500000,1345.543945,1360.660034,1360.660034,1186400
1578268800,1350.000000,1396.500000,1350.000000,1394.209961,1394.209961,1732300
1578355200,1397.939941,1402.989990,1390.380005,1393.339966,1393.339966,1502700
1578441600,1392.079956,1411.579956,1390.839966,1404.319946,1404.319946,1528000
1578528000,1420.569946,1427.329956,1410.270020,1419.829956,1419.829956,1500900
1578614400,1427.560059,1434.928955,1418.349976,1429.729980,1429.729980,1820700
1578873600,1436.130005,1440.520020,1426.020020,1439.229980,1439.229980,1652300
1578960000,1439.010010,1441.800049,1428.369995,1430.880005,1430.880005,1558900
1579046400,1430.209961,1441.395020,1430.209961,1439.199951,1439.199951,1282700
1579132800,1447.439941,1451.989990,1440.920044,1451.699951,1451.699951,1173700
1579219200,1462.910034,1481.295044,1458.219971,1480.390015,1480.390015,2396200
1579564800,1479.119995,1491.849976,1471.199951,1484.400024,1484.400024,2036700
1579651200,1491.000000,1503.213989,1484.930054,1485.949951,1485.949951,1610800
1579737600,1487.640015,1495.520020,1482.099976,1486.650024,1486.650024,1351200
1579824000,1493.589966,1495.494995,1465.250000,1466.709961,1466.709961,1784600
1580083200,1431.000000,1438.069946,1421.199951,1433.900024,1433.900024,1755200
1580169600,1443.000000,1456.000000,1432.469971,1452.560059,1452.560059,1577400
1580256000,1458.800049,1465.430054,1446.739990,1458.630005,1458.630005,1077700
1580342400,1439.959961,1457.280029,1436.400024,1455.839966,1455.839966,1339400
1580428800,1468.900024,1470.130005,1428.530029,1434.229980,1434.229980,2417200
1580688000,1462.000000,1490.000000,1458.989990,1485.939941,1485.939941,3036800
1580774400,1457.069946,1469.500000,1426.300049,1447.069946,1447.069946,3933000
1580860800,1462.420044,1463.839966,1430.560059,1448.229980,1448.229980,1986200
1580947200,1450.329956,1482.000000,1449.569946,1476.229980,1476.229980,1679400
1581033600,1467.300049,1485.839966,1466.349976,1479.229980,1479.229980,1172300
1581292800,1474.319946,1509.500000,1474.319946,1508.680054,1508.680054,1419900
1581379200,1511.810059,1529.630005,1505.637939,1508.790039,1508.790039,1344600
1581465600,1514.479980,1520.694946,1508.109985,1518.270020,1518.270020,1167600
1581552000,1512.689941,1527.180054,1504.599976,1514.660034,1514.660034,929500
1581638400,1515.599976,1520.739990,1507.339966,1520.739990,1520.739990,1197800
1581984000,1515.000000,1531.630005,1512.589966,1519.670044,1519.670044,1120700
1582070400,1525.069946,1532.105957,1521.400024,1526.689941,1526.689941,949300
1582156800,1522.000000,1529.640015,1506.819946,1518.150024,1518.150024,1096600
1582243200,1508.030029,1512.214966,1480.439941,1485.109985,1485.109985,1731700
1582502400,1426.109985,1436.969971,1411.390015,1421.589966,1421.589966,2867100
1582588800,1433.000000,1438.140015,1382.400024,1388.449951,1388.449951,2478300
1582675200,1396.140015,1415.699951,1379.000000,1393.180054,1393.180054,2202400
1582761600,1362.060059,1371.703979,1317.170044,1318.089966,1318.089966,2978300
1582848000,1277.500000,1341.140015,1271.000000,1339.329956,1339.329956,3789100
1583107200,1351.609985,1390.869995,1326.814941,1389.109985,1389.109985,2431500
1583193600,1399.420044,1410.150024,1332.000000,1341.390015,1341.390015,2402300
1583280000,1359.229980,1388.089966,1343.109985,1386.520020,1386.520020,1913300
1583366400,1350.199951,1358.910034,1305.099976,1319.040039,1319.040039,2561300
1583452800,1277.060059,1306.219971,1261.050049,1298.410034,1298.410034,2660600
1583712000,1205.300049,1254.760010,1200.000000,1215.560059,1215.560059,3365400
1583798400,1260.000000,1281.150024,1218.770020,1280.390015,1280.390015,2611400
1583884800,1249.699951,1260.959961,1196.069946,1215.410034,1215.410034,2608500
1583971200,1126.000000,1193.869995,1113.300049,1114.910034,1114.910034,4226700
1584057600,1179.000000,1219.760010,1117.142944,1219.729980,1219.729980,3700100
1584316800,1096.000000,1152.266968,1074.439941,1084.329956,1084.329956,4252400
1584403200,1093.109985,1130.859985,1056.010010,1119.800049,1119.800049,3861500
1584489600,1056.510010,1106.500000,1037.280029,1096.800049,1096.800049,4233400
1584576000,1093.050049,1157.969971,1060.108032,1115.290039,1115.290039,3651100
1584662400,1135.719971,1143.989990,1065.489990,1072.319946,1072.319946,3601800
1584921600,1061.319946,1071.319946,1013.536011,1056.619995,1056.619995,4044100
1585008000,1103.770020,1135.000000,1090.619995,1134.459961,1134.459961,3344500
1585094400,1126.469971,1148.900024,1086.010010,1102.489990,1102.489990,4081500
1585180800,1111.800049,1169.969971,1093.530029,1161.750000,1161.750000,3571700
1585267200,1125.670044,1150.670044,1105.910034,1110.709961,1110.709961,3208500
1585526400,1125.040039,1151.630005,1096.479980,1146.819946,1146.819946,2574100
1585612800,1147.300049,1175.310059,1138.140015,1162.810059,1162.810059,2486400
1585699200,1122.000000,1129.689941,1097.449951,1105.619995,1105.619995,2344200
1585785600,1098.260010,1126.859985,1096.400024,1120.839966,1120.839966,1964900
1585872000,1119.015015,1123.540039,1079.810059,1097.880005,1097.880005,2313400
1586131200,1138.000000,1194.660034,1130.939941,1186.920044,1186.920044,2664700
1586217600,1221.000000,1225.000000,1182.229980,1186.510010,1186.510010,2387300
1586304000,1206.500000,1219.069946,1188.160034,1210.280029,1210.280029,1975100
1586390400,1224.079956,1225.569946,1196.734985,1211.449951,1211.449951,2175400
1586736000,1209.180054,1220.510010,1187.598022,1217.560059,1217.560059,1739800
1586822400,1245.089966,1282.069946,1236.930054,1269.229980,1269.229980,2470400
1586908800,1245.609985,1280.459961,1240.400024,1262.469971,1262.469971,1671700
1586995200,1274.099976,1279.000000,1242.619995,1263.469971,1263.469971,2518100
1587081600,1284.849976,1294.430054,1271.229980,1283.250000,1283.250000,1949000
1587340800,1271.000000,1281.599976,1261.369995,1266.609985,1266.609985,1695500
1587427200,1247.000000,1254.270020,1209.709961,1216.339966,1216.339966,2153000
1587513600,1245.540039,1285.613037,1242.000000,1263.209961,1263.209961,2092400
1587600000,1271.550049,1293.310059,1265.670044,1276.310059,1276.310059,1566200
1587686400,1261.170044,1280.400024,1249.449951,1279.310059,1279.310059,1639600
1587945600,1296.000000,1296.150024,1269.000000,1275.880005,1275.880005,1600600
1588032000,1287.930054,1288.050049,1232.199951,1233.670044,1233.670044,2951300
1588118400,1341.459961,1359.989990,1325.339966,1341.479980,1341.479980,3793600
1588204800,1324.880005,1352.819946,1322.489990,1348.660034,1348.660034,2668900
1588291200,1328.500000,1352.069946,1311.000000,1320.609985,1320.609985,2072500
1588550400,1308.229980,1327.660034,1299.000000,1326.800049,1326.800049,1504000
1588636800,1337.920044,1373.939941,1337.459961,1351.109985,1351.109985,1651500
1588723200,1361.689941,1371.119995,1347.290039,1347.300049,1347.300049,1215400
1588809600,1365.939941,1377.599976,1355.270020,1372.560059,1372.560059,1397600
1588896000,1383.130005,1398.760010,1375.479980,1388.369995,1388.369995,1386900
1589155200,1378.280029,1416.530029,1377.151978,1403.260010,1403.260010,1412100
1589241600,1407.119995,1415.000000,1374.770020,1375.739990,1375.739990,1390600
1589328000,1377.050049,1385.482056,1328.400024,1349.329956,1349.329956,1812600
1589414400,1335.020020,1357.420044,1323.910034,1356.130005,1356.130005,1603100
1589500800,1350.000000,1374.479980,1339.000000,1373.189941,1373.189941,1707700
1589760000,1361.750000,1392.324951,1354.250000,1383.939941,1383.939941,1822400
1589846400,1386.996948,1392.000000,1373.484985,1373.484985,1373.484985,1280600
1589932800,1389.579956,1410.420044,1387.250000,1406.719971,1406.719971,1655400
1590019200,1408.000000,1415.489990,1393.449951,1402.800049,1402.800049,1385000
1590105600,1396.709961,1412.760010,1391.829956,1410.420044,1410.420044,1309400
1590451200,1437.270020,1441.000000,1412.130005,1417.020020,1417.020020,2060600
1590537600,1417.250000,1421.739990,1391.290039,1417.839966,1417.839966,1685800
1590624000,1396.859985,1440.839966,1396.000000,1416.729980,1416.729980,1692200
1590710400,1416.939941,1432.569946,1413.349976,1428.920044,1428.920044,1820900
1590969600,1418.390015,1437.959961,1418.000000,1431.819946,1431.819946,1217100
1591056000,1430.550049,1439.609985,1418.829956,1439.219971,1439.219971,1278100
1591142400,1438.300049,1446.552002,1429.776978,1436.380005,1436.380005,1256200
1591228800,1430.400024,1438.959961,1404.729980,1412.180054,1412.180054,1484300
1591315200,1413.170044,1445.050049,1406.000000,1438.390015,1438.390015,1734900
1591574400,1422.339966,1447.989990,1422.339966,1446.609985,1446.609985,1404200
1591660800,1445.359985,1468.000000,1443.209961,1456.160034,1456.160034,1409200
1591747200,1459.540039,1474.259033,1456.270020,1465.849976,1465.849976,1525200
1591833600,1442.479980,1454.474976,1402.000000,1403.839966,1403.839966,1991300
1591920000,1428.489990,1437.000000,1386.020020,1413.180054,1413.180054,1946400
1592179200,1390.800049,1424.800049,1387.920044,1419.849976,1419.849976,1503900
1592265600,1445.219971,1455.020020,1425.900024,1442.719971,1442.719971,1709200
1592352000,1447.160034,1460.000000,1431.380005,1451.119995,1451.119995,1549600
1592438400,1449.160034,1451.410034,1427.010010,1435.959961,1435.959961,1581900
1592524800,1444.000000,1447.800049,1421.349976,1431.719971,1431.719971,3157900
1592784000,1429.000000,1452.750000,1423.209961,1451.859985,1451.859985,1542400
1592870400,1455.640015,1475.941040,1445.239990,1464.410034,1464.410034,1429800
1592956800,1461.510010,1475.420044,1429.750000,1431.969971,1431.969971,1756000
1593043200,1429.900024,1442.900024,1420.000000,1441.329956,1441.329956,1230500
1593129600,1431.390015,1433.449951,1351.989990,1359.900024,1359.900024,4267700
1593388800,1358.180054,1395.599976,1347.010010,1394.969971,1394.969971,1810200
1593475200,1390.439941,1418.650024,1383.959961,1413.609985,1413.609985,2042400
1593561600,1411.099976,1443.000000,1409.819946,1438.040039,1438.040039,1775200
1593648000,1446.939941,1482.949951,1446.420044,1464.699951,1464.699951,1859100
1593993600,1480.060059,1506.589966,1472.859985,1495.699951,1495.699951,1564000
1594080000,1490.000000,1516.800049,1483.550049,1485.180054,1485.180054,1458200
1594166400,1494.319946,1505.880005,1485.630005,1496.000000,1496.000000,1249700
1594252800,1506.449951,1522.719971,1488.084961,1510.989990,1510.989990,1423300
1594339200,1506.150024,1543.829956,1496.540039,1541.739990,1541.739990,1856300
1594598400,1550.000000,1577.131958,1505.243042,1511.339966,1511.339966,1846400
1594684800,1490.310059,1522.949951,1483.500000,1520.579956,1520.579956,1585000
1594771200,1523.130005,1535.329956,1498.000000,1513.640015,1513.640015,1610700
1594857600,1500.000000,1518.689941,1486.310059,1518.000000,1518.000000,1519300
1594944000,1521.619995,1523.439941,1498.420044,1515.550049,1515.550049,1456700
1595203200,1515.260010,1570.290039,1503.599976,1565.719971,1565.719971,1557300
1595289600,1586.989990,1586.989990,1554.280029,1558.420044,1558.420044,1216200
1595376000,1560.500000,1570.000000,1546.099976,1568.489990,1568.489990,932000
1595462400,1566.969971,1571.869995,1507.391968,1515.680054,1515.680054,1627600
1595548800,1498.930054,1517.635986,1488.400024,1511.869995,1511.869995,1544000
1595808000,1515.599976,1540.969971,1515.209961,1530.199951,1530.199951,1246000
1595894400,1525.180054,1526.479980,1497.660034,1500.339966,1500.339966,1702200
1595980800,1506.319946,1531.251953,1501.329956,1522.020020,1522.020020,1106500
1596067200,1497.000000,1537.869995,1492.219971,1531.449951,1531.449951,1671400
1596153600,1505.010010,1508.949951,1454.030029,1482.959961,1482.959961,3439900
1596412800,1486.640015,1490.469971,1465.640015,1474.449951,1474.449951,2330200
1596499200,1476.569946,1485.560059,1458.650024,1464.969971,1464.969971,1903500
1596585600,1469.300049,1482.410034,1463.459961,1473.609985,1473.609985,1979500
1596672000,1471.750000,1502.390015,1466.000000,1500.099976,1500.099976,1995400
1596758400,1500.000000,1516.844971,1481.640015,1494.489990,1494.489990,1577800
1597017600,1487.180054,1504.074951,1473.079956,1496.099976,1496.099976,1289300
1597104000,1492.439941,1510.000000,1478.000000,1480.319946,1480.319946,1454400
1597190400,1485.579956,1512.385986,1485.250000,1506.619995,1506.619995,1437000
1597276800,1510.339966,1537.250000,1508.005005,1518.449951,1518.449951,1455200
1597363200,1515.660034,1521.900024,1502.880005,1507.729980,1507.729980,1354800
1597622400,1514.670044,1525.609985,1507.969971,1517.979980,1517.979980,1378300
1597708800,1526.180054,1562.469971,1523.709961,1558.599976,1558.599976,2027100
1597795200,1553.310059,1573.680054,1543.949951,1547.530029,1547.530029,1660600
1597881600,1543.449951,1585.869995,1538.199951,1581.750000,1581.750000,1706900
1597968000,1577.030029,1597.719971,1568.005005,1580.420044,1580.420044,1446500
1598227200,1593.979980,1614.170044,1580.569946,1588.199951,1588.199951,1409900
1598313600,1582.069946,1611.619995,1582.069946,1608.219971,1608.219971,2247100
1598400000,1608.000000,1659.219971,1603.599976,1652.380005,1652.380005,3993400
1598486400,1653.680054,1655.000000,1625.750000,1634.329956,1634.329956,1861600
1598572800,1633.489990,1647.170044,1630.750000,1644.410034,1644.410034,1499000
1598832000,1647.890015,1647.964966,1630.310059,1634.180054,1634.180054,1823400
1598918400,1636.630005,1665.729980,1632.219971,1660.709961,1660.709961,1825300
1599004800,1673.775024,1733.180054,1666.329956,1728.280029,1728.280029,2511200
1599091200,1709.713989,1709.713989,1615.060059,1641.839966,1641.839966,3107800
1599177600,1624.260010,1645.109985,1547.613037,1591.040039,1591.040039,2608600
1599523200,1533.510010,1563.864990,1528.010010,1532.390015,1532.390015,2610900
1599609600,1557.530029,1569.000000,1536.051025,1556.959961,1556.959961,1774700
1599696000,1560.640015,1584.081055,1525.805054,1532.020020,1532.020020,1618600
1599782400,1536.000000,1575.199951,1497.359985,1520.719971,1520.719971,1597100
1600041600,1539.005005,1564.000000,1515.739990,1519.280029,1519.280029,1696600
1600128000,1536.000000,1559.569946,1531.834961,1541.439941,1541.439941,1331100
1600214400,1555.540039,1562.000000,1519.819946,1520.900024,1520.900024,1311700
1600300800,1496.000000,1508.297974,1470.000000,1495.530029,1495.530029,1879800
1600387200,1498.010010,1503.003052,1437.130005,1459.989990,1459.989990,3103900
1600646400,1440.060059,1448.359985,1406.550049,1431.160034,1431.160034,2888800
1600732800,1450.089966,1469.520020,1434.530029,1465.459961,1465.459961,1583200
1600819200,1458.780029,1460.959961,1407.699951,1415.209961,1415.209961,1657400
1600905600,1411.030029,1443.708984,1409.849976,1428.290039,1428.290039,1450200
1600992000,1432.630005,1450.000000,1413.339966,1444.959961,1444.959961,1323000
1601251200,1474.209961,1476.800049,1449.301025,1464.520020,1464.520020,2007900
1601337600,1470.390015,1476.662964,1458.805054,1469.329956,1469.329956,978200
1601424000,1466.800049,1489.750000,1459.880005,1469.599976,1469.599976,1701600
1601510400,1484.270020,1499.040039,1479.209961,1490.089966,1490.089966,1779500
1601596800,1462.030029,1483.199951,1450.920044,1458.420044,1458.420044,1284100
1601856000,1466.209961,1488.209961,1464.270020,1486.020020,1486.020020,1113300
1601942400,1475.579956,1486.760010,1448.589966,1453.439941,1453.439941,1245400
1602028800,1464.290039,1468.959961,1436.000000,1460.290039,1460.290039,1746200
1602115200,1465.089966,1490.000000,1465.089966,1485.930054,1485.930054,1187800
1602201600,1494.699951,1516.520020,1489.449951,1515.219971,1515.219971,1435300
1602460800,1543.000000,1593.859985,1532.569946,1569.150024,1569.150024,2482600
1602547200,1583.729980,1590.000000,1563.199951,1571.680054,1571.680054,1601000
1602633600,1578.589966,1587.683960,1550.530029,1568.079956,1568.079956,1929300
1602720000,1547.150024,1575.104980,1545.030029,1559.130005,1559.130005,1540000
1602806400,1565.849976,1581.130005,1563.000000,1573.010010,1573.010010,1434700
1603065600,1580.459961,1588.150024,1528.000000,1534.609985,1534.609985,1607100
1603152000,1527.050049,1577.500000,1525.670044,1555.930054,1555.930054,2241700
1603238400,1573.329956,1618.729980,1571.630005,1593.310059,1593.310059,2568300
1603324800,1593.050049,1621.989990,1585.000000,1615.329956,1615.329956,1433600
1603411200,1626.069946,1642.359985,1620.510010,1641.000000,1641.000000,1375800
1603670400,1625.010010,1638.239990,1576.500000,1590.449951,1590.449951,1853300
1603756800,1595.670044,1606.844971,1582.780029,1604.260010,1604.260010,1229000
1603843200,1559.739990,1561.349976,1514.619995,1516.619995,1516.619995,1834000
1603929600,1522.359985,1593.709961,1522.239990,1567.239990,1567.239990,2003100
1604016000,1672.109985,1687.000000,1604.459961,1621.010010,1621.010010,4329100
1604275200,1628.160034,1660.770020,1616.030029,1626.030029,1626.030029,2535400
1604361600,1631.780029,1661.699951,1616.619995,1650.209961,1650.209961,1661700
1604448000,1710.280029,1771.364990,1706.030029,1749.130005,1749.130005,3570900
1604534400,1781.000000,1793.640015,1750.510010,1763.369995,1763.369995,2065800
1604620800,1753.949951,1772.430054,1740.349976,1761.750000,1761.750000,1660900
1604880000,1790.900024,1818.060059,1760.020020,1763.000000,1763.000000,2268300
1604966400,1731.089966,1763.000000,1717.300049,1740.390015,1740.390015,2636100
1605052800,1750.000000,1764.219971,1747.364990,1752.709961,1752.709961,1264000
1605139200,1747.630005,1768.270020,1745.599976,1749.839966,1749.839966,1247500
1605225600,1757.630005,1781.040039,1744.550049,1777.020020,1777.020020,1499900
1605484800,1771.699951,1799.069946,1767.689941,1781.380005,1781.380005,1246800
1605571200,1776.939941,1785.000000,1767.000000,1770.150024,1770.150024,1147100
1605657600,1765.229980,1773.469971,1746.140015,1746.780029,1746.780029,1173500
1605744000,1738.380005,1769.589966,1737.005005,1763.920044,1763.920044,1249900
1605830400,1765.209961,1774.000000,1741.859985,1742.189941,1742.189941,2313500
1606089600,1749.599976,1753.900024,1717.719971,1734.859985,1734.859985,2161600
1606176000,1730.500000,1771.599976,1727.689941,1768.880005,1768.880005,1578000
1606262400,1772.890015,1778.540039,1756.540039,1771.430054,1771.430054,1045800
1606435200,1773.089966,1804.000000,1772.439941,1793.189941,1793.189941,884900
1606694400,1781.183960,1788.064941,1755.000000,1760.739990,1760.739990,1823800
1606780800,1774.369995,1824.829956,1769.369995,1798.099976,1798.099976,1739000
1606867200,1798.099976,1835.650024,1789.473022,1827.949951,1827.949951,1222000
1606953600,1824.010010,1847.199951,1822.650024,1826.770020,1826.770020,1227300
1607040000,1824.520020,1833.160034,1816.989990,1827.989990,1827.989990,1378200
1607299200,1819.000000,1832.369995,1805.780029,1819.479980,1819.479980,1320900
1607385600,1810.099976,1821.900024,1796.204956,1818.550049,1818.550049,1096300
1607472000,1812.010010,1834.270020,1767.810059,1784.130005,1784.130005,1507600
1607558400,1769.800049,1781.310059,1740.319946,1775.329956,1775.329956,1362800
1607644800,1763.060059,1784.449951,1760.000000,1781.770020,1781.770020,1220700
1607904000,1775.000000,1797.390015,1757.214966,1760.060059,1760.060059,1600200
1607990400,1764.420044,1771.420044,1749.949951,1767.770020,1767.770020,1482300
1608076800,1772.880005,1773.000000,1756.079956,1763.000000,1763.000000,1513500
1608163200,1768.510010,1771.784058,1738.660034,1747.900024,1747.900024,1624700
1608249600,1754.180054,1755.109985,1720.219971,1731.010010,1731.010010,4016400
1608508800,1713.510010,1740.849976,1699.000000,1739.369995,1739.369995,1828400
1608595200,1734.430054,1737.405029,1712.574951,1723.500000,1723.500000,936700
1608681600,1728.109985,1747.989990,1725.040039,1732.380005,1732.380005,1033800
1608768000,1735.000000,1746.000000,1729.109985,1738.849976,1738.849976,346800
1609113600,1751.635010,1790.728027,1746.334961,1776.089966,1776.089966,1393000
1609200000,1787.790039,1792.439941,1756.089966,1758.719971,1758.719971,1299400
1609286400,1762.010010,1765.094971,1725.599976,1739.520020,1739.520020,1306100
1609372800,1735.420044,1758.930054,1735.420044,1751.880005,1751.880005,1011900
1609718400,1757.540039,1760.650024,1707.849976,1728.239990,1728.239990,1901900
1609804800,1725.000000,1747.670044,1718.015015,1740.920044,1740.920044,1145300
1609891200,1702.630005,1748.000000,1699.000000,1735.290039,1735.290039,2602100
1609977600,1740.060059,1788.400024,1737.050049,1787.250000,1787.250000,2265000
1610064000,1787.979980,1809.839966,1773.535034,1807.209961,1807.209961,2050600
1610323200,1786.069946,1794.314941,1760.520020,1766.719971,1766.719971,1209700
1610409600,1753.920044,1778.040039,1725.310059,1746.550049,1746.550049,1357700
1610496000,1738.579956,1765.035034,1738.010010,1754.400024,1754.400024,1094100
1610582400,1753.619995,1775.010010,1733.400024,1740.180054,1740.180054,1179500
1610668800,1738.189941,1756.000000,1721.550049,1736.189941,1736.189941,1328300
1611014400,1752.250000,1809.275024,1741.459961,1790.859985,1790.859985,1734600
1611100800,1831.459961,1903.709961,1825.530029,1886.900024,1886.900024,2490300
1611187200,1898.000000,1934.859985,1887.109985,1891.250000,1891.250000,2063900
1611273600,1895.680054,1910.949951,1881.760010,1901.050049,1901.050049,1272100
1611532800,1920.670044,1929.579956,1867.530029,1899.400024,1899.400024,1927300
1611619200,1888.839966,1925.000000,1884.244995,1917.239990,1917.239990,1313100
1611705600,1882.530029,1890.000000,1809.000000,1830.790039,1830.790039,2748300
1611792000,1843.939941,1898.829956,1842.640015,1863.109985,1863.109985,1773100
1611878400,1846.170044,1857.280029,1810.199951,1835.739990,1835.739990,1612600
1612137600,1853.569946,1922.391968,1850.930054,1901.349976,1901.349976,1602200